닉네임,연구/훈련,아이템제작,수색,계정레벨,로그인,무기강화,소탕,스테이지플레이,서브스테이지플레이,레이드플레이,뽑기,노점상구매,전투템구매,이벤트상품구매,재화구매,스태미나전송,캐릭터제작,가속,결제여부
청월영,5,0,0,4,12,1,107,35,0,0,53,11,0,0,6,0,0,0,0
간장공장,5,0,0,3,11,2,44,75,0,0,21,11,0,0,1,0,1,5,0
에돌이,9,0,0,5,3,2,76,55,0,0,40,6,0,3,0,0,0,0,0
샤킁,7,0,0,11,8,18,47,66,0,0,5,6,3,1,0,3,3,0,0
지푸라기,10,0,0,3,11,7,83,36,0,0,47,9,5,0,0,5,0,5,0
루미,38,0,0,3,10,0,0,98,0,0,15,2,12,3,1,12,2,0,0
DREAM,25,0,0,3,16,30,136,16,0,0,16,6,0,0,1,0,2,5,0
레스타트,1,0,0,2,14,17,44,155,0,0,35,8,17,0,1,17,2,0,0
보송보송해,36,0,0,2,34,1,112,40,0,0,40,18,0,0,0,0,0,5,0
진격의롯데,10,0,0,1,15,6,2,76,0,0,18,3,44,0,2,44,1,0,0
뚜무,25,0,0,2,10,2,111,33,0,0,21,7,0,0,0,0,3,5,0
엄과장,4,0,0,4,6,15,135,52,0,0,64,18,43,0,3,43,2,5,0
검빨이,38,0,0,9,13,20,15,51,0,0,30,9,21,1,6,21,2,4,1
지연사랑08,25,0,0,2,8,1,60,58,0,0,7,4,37,0,1,37,1,5,1
묠니르,9,0,0,3,5,55,90,53,0,0,9,15,1,4,11,1,2,0,0
nam707,17,0,0,2,14,4,78,34,0,0,21,3,18,0,1,18,1,5,1
Dailyc,20,0,0,2,20,34,134,19,0,0,3,10,1,1,0,1,1,5,0
Lastsong,19,0,0,2,11,23,127,37,0,0,15,24,0,0,4,0,0,5,1
켄시로,19,0,0,2,9,11,83,30,0,0,41,3,11,0,1,11,0,0,1
소홍주,0,0,0,2,12,1,105,38,0,0,36,5,0,0,6,0,1,6,1
DORU,10,0,0,2,13,9,48,107,0,0,14,8,21,0,0,21,0,5,0
Rough,18,0,0,3,7,26,94,21,0,0,29,2,0,2,0,0,1,5,0
찬바람,20,0,0,2,15,5,54,56,0,0,6,5,0,0,0,0,1,5,1
허베이더,9,0,0,1,9,1,75,36,0,0,27,5,28,0,0,28,0,0,0
변과장,9,0,0,2,8,3,90,37,0,0,106,3,9,0,0,9,0,1,0
Hoy,14,0,0,3,9,2,65,42,0,0,27,5,0,1,0,0,0,5,0
현대시작법,24,0,0,5,8,54,36,92,0,0,16,9,28,1,15,28,1,5,1
Legion,38,0,0,1,9,7,29,93,0,0,52,17,0,4,4,0,0,5,1
던지닷,7,0,0,3,17,1,63,66,0,0,3,4,0,0,0,0,1,0,0
바오야,19,0,0,2,15,1,64,50,0,0,36,4,1,0,5,1,1,5,1
사이버장군,46,0,0,1,13,6,0,58,0,0,38,21,8,0,0,8,1,5,1
AlphaDogma,0,0,0,1,8,6,12,83,0,0,7,6,0,0,0,0,1,0,0
유라,9,0,0,2,20,1,208,5,0,0,20,5,0,0,2,0,0,5,1
양곱창,24,0,0,2,10,30,66,63,0,0,24,7,0,1,5,0,2,5,1
kalliun,16,0,0,2,16,3,106,0,0,0,18,1,0,0,0,0,1,5,0
아서니스트,25,0,0,3,15,29,71,48,0,0,12,7,12,0,0,12,1,5,0
갓할배다,3,0,0,4,10,27,89,33,0,0,13,6,14,1,2,14,0,0,0
하가렌,29,0,0,2,21,2,94,82,0,0,68,7,0,3,1,0,1,5,0
성대리님,16,0,0,2,13,1,22,95,0,0,19,4,0,0,0,0,1,5,0
나엘,19,0,0,2,9,4,108,37,0,0,34,8,8,0,2,8,1,5,0
같이살자,15,0,0,1,11,9,73,51,0,0,34,3,14,0,0,14,1,5,0
쩔박,36,0,0,3,10,1,80,82,0,0,8,2,0,2,1,0,1,5,0
순신,31,0,0,4,15,3,89,64,0,0,34,6,1,0,16,1,0,5,0
은목향,10,0,0,5,14,28,33,57,0,0,15,20,2,0,1,2,0,0,0
갓할배님,28,0,0,1,26,1,81,15,0,0,58,2,0,0,0,0,0,5,0
크래쉬,16,0,0,2,16,1,92,16,0,0,32,4,0,1,0,0,0,5,0
골드핑거,43,0,0,2,19,6,48,74,0,0,40,16,1,0,1,1,3,5,0
하이브zz,17,0,0,8,6,29,66,38,0,0,4,9,0,0,1,0,0,4,0
양진슈,17,0,0,2,7,4,85,13,0,0,12,4,8,0,0,8,1,5,0
편안한겜,34,0,0,2,15,4,83,27,0,0,66,9,0,0,0,0,1,5,0
랄라,54,0,0,3,10,28,91,81,0,0,32,4,72,2,2,72,1,5,0
베르너,15,0,0,10,17,7,57,51,0,0,4,4,9,1,7,9,2,0,0
아라차카,39,0,0,2,11,1,55,54,0,0,18,3,0,0,0,0,1,5,0
잡는아이,12,0,0,2,10,1,42,42,0,0,8,4,38,0,2,38,1,5,0
밈이,33,0,0,4,11,51,45,86,0,0,15,7,59,0,4,59,0,0,0
영비,31,0,0,3,17,2,118,73,0,0,54,1,0,2,1,0,0,5,0
깨준이,25,0,0,3,19,20,137,38,0,0,21,7,4,0,0,4,0,5,0
개성,23,0,0,2,40,1,6,103,0,0,63,14,1,2,0,1,2,5,0
광전사사령관,22,0,0,1,9,11,120,26,0,0,31,5,0,0,7,0,2,5,0
빅호,20,0,0,2,20,1,89,52,0,0,12,3,0,0,0,0,1,5,0
봉봉이,15,0,0,1,14,0,50,48,0,0,46,3,0,3,3,0,0,0,0
원샷원,5,0,0,4,5,33,10,96,0,0,10,3,14,0,0,14,0,0,0
호랭이삼촌,25,0,0,4,17,5,83,133,0,0,48,4,30,2,14,30,2,0,1
정글,29,0,0,2,9,21,59,66,0,0,23,1,0,0,0,0,1,6,0
아야아야해,18,0,0,2,23,1,108,17,0,0,46,4,0,3,0,0,1,5,0
악성,1,0,0,6,6,6,87,84,0,0,2,2,19,2,0,19,0,5,0
코드2514,30,0,0,0,14,1,24,22,0,0,33,8,3,0,3,3,1,5,1
할아브디,69,2,0,2,12,1,10,92,0,0,20,3,0,1,1,0,1,0,0
조지러고고,16,0,0,4,20,4,104,48,0,0,32,8,3,1,0,3,2,5,0
주영,23,0,0,2,13,3,122,47,0,0,21,4,4,0,3,4,2,0,0
덕구,15,0,0,2,23,0,123,21,0,0,70,6,0,0,0,0,2,5,1
꼬질스,19,0,0,2,17,1,36,40,0,0,28,4,0,0,0,0,1,5,0
런투유,26,0,0,2,21,0,92,61,0,0,6,1,1,0,4,1,1,0,0
건대이기쁨,33,0,0,10,8,12,152,52,0,0,26,6,4,0,2,4,1,0,0
왔섭맨,12,0,0,1,8,15,67,41,0,0,27,6,5,0,1,5,1,0,0
할브,24,0,0,3,12,2,125,12,0,0,21,3,0,0,0,0,0,0,0
별헤는밤,17,0,0,2,9,0,74,62,0,0,16,4,4,3,0,4,1,5,0
화사한,25,0,0,1,16,1,66,7,0,0,38,3,0,0,0,0,1,5,0
제피,31,0,0,1,19,8,0,40,0,0,16,2,0,2,2,0,1,0,1
사나미나다현채영쯔위,7,0,0,1,11,1,63,42,0,0,31,9,0,1,0,0,0,5,0
시저,11,0,0,2,12,2,66,35,0,0,36,4,0,0,0,0,1,5,0
꼴두기,29,0,0,2,37,3,98,29,0,0,26,6,0,1,1,0,0,4,0
전차,11,0,0,2,11,1,147,22,0,0,8,10,0,0,1,0,1,5,0
동글동긍,8,0,0,2,13,2,92,31,0,0,7,5,1,0,0,1,1,5,0
릭샤,7,0,0,2,23,4,55,80,0,0,19,3,0,0,0,0,1,0,0
피요,9,0,0,2,14,1,108,4,0,0,61,19,0,4,0,0,0,0,0
스칼렛요한슨,30,0,0,2,14,7,77,50,0,0,32,2,2,3,0,2,0,5,0
액스트라,18,0,0,2,11,1,87,45,0,0,41,4,0,0,0,0,1,5,1
진스터2239,17,0,0,3,4,30,0,87,0,0,26,13,10,0,5,10,0,5,0
머리속연가시,39,0,0,1,9,0,65,34,0,0,12,3,0,0,6,0,0,5,0
마토,12,0,0,2,13,10,119,9,0,0,27,8,1,0,1,1,1,5,0
할아브도베르만,33,0,0,2,27,6,56,61,0,0,23,6,14,0,0,14,0,5,0
아쿠마,13,0,0,3,16,6,61,24,0,0,17,5,11,1,0,11,2,5,0
퐁낭,31,0,0,2,20,15,42,51,0,0,32,8,6,0,6,6,2,5,1
스나이퍼,0,0,0,2,7,2,111,27,0,0,55,9,0,5,1,0,1,5,0
NoMic,10,0,0,2,9,1,124,79,0,0,60,7,0,5,1,0,0,5,0
공룡왕크롱,19,0,0,2,10,6,68,33,0,0,21,9,24,0,1,24,0,5,0
The쌤,0,0,0,2,14,1,115,21,0,0,3,5,0,0,0,0,2,5,0
오빠콜,9,0,0,2,10,1,76,54,0,0,7,5,21,0,2,21,1,5,0
연뮤덕,21,0,0,2,13,6,112,18,0,0,11,2,0,0,0,0,2,5,0
밤하늘꽃,0,0,0,2,16,4,97,63,0,0,18,5,0,1,0,0,1,0,0
인포마스터,33,0,0,1,21,3,52,36,0,0,38,6,9,2,0,9,2,5,0
EOS,40,0,0,2,30,12,74,84,0,0,3,4,0,0,0,0,1,5,0
BIO,31,0,0,1,16,13,42,46,0,0,18,5,2,4,0,2,1,1,0
곤충학자,24,0,0,1,20,4,86,60,0,0,57,3,2,1,0,2,0,5,0
만땅,20,0,0,5,13,18,41,57,0,0,10,2,0,0,0,0,0,4,0
아리에르,30,0,0,1,15,3,78,27,0,0,29,3,0,0,2,0,1,5,1
넨디,20,0,0,2,5,4,8,98,0,0,25,4,0,3,0,0,0,5,0
세리미택,4,0,0,2,8,15,85,67,0,0,17,5,22,2,0,22,0,5,0
이루어진,2,0,0,3,9,6,96,37,0,0,13,4,2,0,0,2,1,0,0
윌스,44,0,0,1,21,1,31,50,0,0,60,9,7,0,13,7,1,0,0
까리한자식,2,0,0,3,5,26,39,46,0,0,11,4,0,1,0,0,0,0,0
죽빵,16,0,0,3,13,4,156,7,0,0,18,2,0,0,0,0,1,5,0
면봉,17,0,0,2,16,1,107,43,0,0,23,7,0,0,0,0,1,5,0
루비스,11,0,0,2,29,1,76,81,0,0,3,2,0,0,0,0,1,0,0
이보영,16,0,0,3,11,48,11,81,0,0,3,4,11,0,2,11,1,0,1
블랙아머,33,0,0,3,31,1,40,191,0,0,134,16,0,1,6,0,1,5,1
사창,18,0,0,2,15,4,89,38,0,0,74,28,6,3,1,6,0,0,1
공수부대,18,0,0,3,12,0,31,120,0,0,57,8,0,0,0,0,0,5,0
에페리카,26,0,0,2,11,4,99,32,0,0,58,9,10,3,1,10,3,5,0
뿌잉뿌잉,18,0,0,3,15,21,88,41,0,0,3,3,9,0,0,9,0,0,0
깔푸봉재,27,0,0,2,21,1,9,64,0,0,34,1,5,0,0,5,0,0,0
z카이z,18,0,0,3,17,1,53,50,0,0,25,3,0,2,0,0,1,4,0
해서해리,39,0,0,2,15,15,48,36,0,0,16,3,5,1,1,5,0,0,0
아즈라엘,18,0,0,5,30,48,39,59,0,0,9,2,29,0,13,29,0,0,0
나람날림,19,0,0,6,14,2,87,44,0,0,44,9,0,1,0,0,0,5,0
조경훈,16,0,0,2,9,1,126,11,0,0,87,7,0,2,0,0,0,5,0
질주본능,22,0,0,2,9,30,85,37,0,0,18,4,0,0,0,0,2,5,0
브지,0,0,0,1,10,12,6,50,0,0,27,1,6,0,0,6,3,5,0
할아부,27,0,0,2,12,0,27,74,0,0,73,5,0,2,2,0,0,5,0
오러넡,2,0,0,2,10,8,2,57,0,0,22,9,0,0,1,0,1,5,0
난걍나,14,0,0,2,10,1,57,47,0,0,26,4,0,2,1,0,0,5,0
사린마,14,0,0,2,13,1,102,25,0,0,19,7,1,0,0,1,0,5,0
국보,18,0,0,2,12,32,97,9,0,0,41,0,0,0,0,0,1,5,0
율리시아,10,0,0,2,10,44,38,87,0,0,14,8,7,0,0,7,0,0,0
씨앗,15,0,0,4,10,7,152,21,0,0,31,4,1,0,1,1,1,0,0
한글은열두자까지입력가능,13,0,0,1,10,4,59,43,0,0,11,3,0,0,0,0,0,6,0
JD,9,0,0,1,15,1,64,36,0,0,32,9,0,0,2,0,1,5,0
돌고래,12,0,0,1,12,39,71,19,0,0,13,5,5,1,0,5,1,5,0
JE8180,4,0,0,1,10,32,77,36,0,0,40,4,5,0,0,5,1,5,0
영or,32,0,0,2,18,13,76,65,0,0,9,8,0,0,3,0,1,0,1
죄송,31,0,0,1,12,1,88,41,0,0,22,3,4,0,0,4,0,5,0
졸음송,20,0,0,2,15,1,82,98,0,0,8,4,2,0,0,2,1,5,0
TosCmp,14,0,0,3,13,11,101,70,0,0,3,6,6,2,2,6,0,5,0
할아브사기캐,35,0,0,2,6,1,70,83,0,0,22,3,11,1,0,11,1,5,0
우디기,37,0,0,4,17,21,90,57,0,0,27,8,25,2,0,25,1,5,0
힐다,8,0,0,13,11,16,95,84,0,0,12,6,2,1,0,2,2,0,0
하이브컨트롤러,6,0,0,3,9,2,119,29,0,0,36,7,16,0,2,16,2,0,0
순식간에,22,0,0,1,16,2,97,16,0,0,45,5,0,0,0,0,0,5,0
토레기모찌,8,0,0,2,9,2,118,18,0,0,30,4,1,0,1,1,1,5,0
끝판대장,18,0,0,3,14,2,98,40,0,0,6,6,0,2,0,0,2,5,0
리토,35,0,0,3,10,0,116,25,0,0,47,10,1,0,0,1,0,5,0
토마스는없다,13,0,0,2,14,16,32,85,0,0,23,6,0,0,0,0,0,5,0
지은여신남편,52,0,0,2,27,3,57,27,0,0,29,8,13,3,2,13,0,5,0
알피,11,0,0,7,20,5,34,132,0,0,30,8,0,4,1,0,0,4,1
엘로나,1,0,0,2,10,1,158,44,0,0,18,7,7,0,2,7,1,0,0
l구차해구차해l,11,0,0,3,8,11,64,51,0,0,31,4,1,2,1,1,1,5,0
니똥칼라똥,20,0,0,2,23,1,95,85,0,0,25,3,2,0,1,2,2,5,1
하드캐리해,4,0,0,7,9,1,58,101,0,0,34,8,0,1,0,0,0,0,0
호롤로로롤,13,0,0,2,19,3,28,63,0,0,43,15,0,0,3,0,1,0,1
Raven3336,27,0,0,5,12,19,39,49,0,0,21,11,0,0,1,0,0,0,0
양태,19,0,0,4,8,40,94,36,0,0,25,7,19,3,2,19,1,5,0
니콜신,35,0,0,1,16,2,2,33,0,0,36,17,1,0,2,1,2,0,0
벌레여왕성대리,9,0,0,2,12,1,94,12,0,0,56,4,0,0,2,0,1,5,0
조빵매,41,0,0,3,14,26,45,161,0,0,37,15,39,7,6,39,1,4,1
재꼬이,31,0,0,2,9,4,18,52,0,0,20,3,7,0,0,7,1,0,0
이사무,8,0,0,2,9,0,128,27,0,0,21,4,0,0,0,0,1,5,0
산들바람,30,0,0,4,9,24,16,60,0,0,12,14,4,0,0,4,1,0,0
이치,11,0,0,11,21,2,8,127,0,0,16,5,5,0,2,5,2,5,0
폭풍보,22,0,0,1,10,12,79,25,0,0,20,11,0,1,0,0,2,5,0
뚠탱이,19,0,0,12,22,15,86,52,0,0,16,6,6,0,1,6,1,0,0
전효성,18,0,0,2,11,0,110,38,0,0,24,0,0,0,0,0,0,5,0
다이김,26,0,0,3,14,1,81,47,0,0,4,7,0,0,3,0,0,5,0
사랑의소녀,29,0,0,2,18,1,89,18,0,0,14,4,0,0,0,0,2,5,0
성머리,9,0,0,2,12,1,118,32,0,0,22,4,0,0,0,0,1,5,0
토모모,24,0,0,2,23,0,92,30,0,0,1,0,0,0,1,0,1,5,0
으아,26,0,0,3,19,13,15,87,0,0,30,15,0,0,3,0,1,0,0
할아브,16,0,0,2,19,2,78,92,0,0,34,4,2,0,0,2,0,0,0
브이하,8,0,0,5,24,3,3,149,0,0,15,16,3,6,1,3,3,5,0
홍제동맛집좀,18,0,0,1,18,2,55,34,0,0,19,8,6,0,1,6,0,5,0
듬듬,47,0,0,2,20,13,81,55,0,0,76,21,4,0,3,4,2,5,1
뚝배기,15,0,0,1,7,47,36,58,0,0,73,6,0,1,0,0,0,5,0
으c으,3,0,0,2,6,1,66,61,0,0,12,3,2,0,0,2,1,0,0
잡히면죽인다,31,0,0,2,24,23,92,65,0,0,25,23,0,5,0,0,0,5,0
파파,7,0,0,1,11,6,74,58,0,0,56,4,1,0,0,1,1,5,1
대year,8,0,0,3,9,1,48,108,0,0,24,6,15,0,3,15,0,5,0
사하보HB,9,0,0,1,9,11,72,36,0,0,15,3,1,0,4,1,0,5,0
크으르으릉,28,0,0,2,22,5,105,21,0,0,64,8,1,0,0,1,0,5,0
떨기,21,0,0,1,20,3,73,26,0,0,17,5,1,0,0,1,1,5,0
보농이,37,0,0,2,13,1,120,17,0,0,2,22,0,7,1,0,1,4,0
gustav82,27,0,0,3,14,3,88,53,0,0,9,1,8,0,7,8,0,5,1
태을이,30,0,0,2,9,8,88,38,0,0,5,12,10,0,2,10,1,0,0
셀틱,44,0,0,4,5,11,120,98,0,0,17,4,59,1,6,59,2,5,1
신사장,34,0,0,2,10,4,80,10,0,0,34,7,0,1,0,0,0,5,0
몽블랑,15,0,0,2,32,48,69,86,0,0,12,8,0,1,0,0,2,5,0
리버킹,10,0,0,1,20,1,97,3,0,0,5,4,0,0,1,0,1,5,0
차차장,28,0,0,6,16,6,128,40,0,0,24,3,12,1,0,12,0,0,0
attom,11,0,0,2,7,1,102,30,0,0,49,5,0,1,0,0,0,5,0
편화천,16,0,0,13,8,10,84,66,0,0,21,7,7,0,10,7,2,5,0
쭌델,7,0,0,2,27,1,41,85,0,0,14,3,0,0,0,0,1,0,0
검정치마,14,0,0,3,15,14,49,149,0,0,4,6,1,1,2,1,0,5,0
CarpeDiem,16,0,0,2,9,3,86,104,0,0,58,4,0,0,0,0,1,0,0
명륜가,8,0,0,3,35,87,45,104,0,0,41,7,0,0,0,0,0,5,0
피플테리어물어,25,0,0,6,17,3,94,74,0,0,3,8,11,0,4,11,0,5,0
신논현2번출구,55,0,0,2,13,5,98,28,0,0,27,3,1,2,0,1,1,5,0
엘킴,21,0,0,2,12,1,71,30,0,0,28,1,0,2,0,0,0,5,0
덕천큰형님,2,0,0,2,11,2,95,64,0,0,12,6,30,0,1,30,1,0,0
고우,1,0,0,3,7,2,84,63,0,0,31,4,0,0,3,0,1,0,0
복슬강아지,21,0,0,2,14,5,72,58,0,0,11,6,1,0,0,1,1,0,0
iopi72,28,0,0,2,15,5,46,71,0,0,2,9,0,2,0,0,0,5,0
후니당,11,0,0,2,12,0,0,98,0,0,28,9,0,0,4,0,1,0,1
niceksow,21,0,0,12,19,24,89,68,0,0,13,0,0,0,0,0,1,5,0
효성만두,33,0,0,4,8,21,80,26,0,0,26,14,12,0,1,12,1,5,0
벤카슬러,13,0,0,3,7,24,81,27,0,0,30,3,0,0,0,0,1,4,0
매너1호,13,0,0,2,11,1,8,74,0,0,12,5,0,6,0,0,2,5,0
오로치마루,15,0,0,2,15,8,12,113,0,0,18,3,2,0,1,2,1,5,0
밀려오는샷빨,29,0,0,2,10,1,101,34,0,0,28,5,5,0,0,5,1,4,0
그린티라떼,13,0,0,3,8,4,98,49,0,0,18,7,0,0,0,0,1,0,0
진켄,27,0,0,11,7,53,105,133,0,0,25,8,12,0,11,12,1,0,1
그라피카,38,0,0,2,25,10,68,23,0,0,21,6,0,0,0,0,1,5,0
하수스,15,0,0,2,10,2,21,75,0,0,5,13,2,0,0,2,3,0,0
익페피,13,0,0,2,14,1,143,15,0,0,33,6,1,0,2,1,0,5,0
김씨최고,16,0,0,3,12,5,36,91,0,0,42,4,8,2,0,8,1,5,0
오리온,21,0,0,2,9,6,115,46,0,0,53,7,0,5,0,0,1,5,0
아롱씨,18,0,0,6,12,30,78,58,0,0,20,12,1,0,10,1,1,0,0
초현,30,0,0,1,9,10,113,41,0,0,37,10,1,5,2,1,1,6,1
성구임당,7,0,0,4,20,14,48,78,0,0,20,6,0,0,0,0,2,0,0
P5,22,0,0,3,15,17,32,61,0,0,20,4,4,1,1,4,1,5,0
정이,27,0,0,3,21,6,116,15,0,0,46,9,0,3,1,0,3,5,1
진과장,22,0,0,2,10,17,96,40,0,0,21,25,2,0,0,2,2,5,0
불멸,33,0,0,1,17,12,42,116,0,0,3,2,0,2,1,0,0,5,0
Nu,16,0,0,3,11,5,113,35,0,0,7,5,0,0,0,0,0,5,0
최지환,14,0,0,2,18,4,89,49,0,0,19,3,0,0,5,0,1,5,0
케찹마요,53,0,0,2,32,1,100,40,0,0,39,23,0,0,0,0,2,5,0
등긁어줘,8,0,0,2,20,2,93,61,0,0,90,25,0,0,0,0,2,0,0
킹왕짱처리,23,0,0,3,13,18,5,89,0,0,21,7,24,2,3,24,0,0,0
나야나gg,45,0,0,2,33,12,14,55,0,0,72,6,24,0,4,24,1,5,0
클린스만,22,0,0,1,8,4,93,32,0,0,18,6,0,5,0,0,1,5,0
대룡,4,0,0,7,14,9,47,73,0,0,20,1,22,0,0,22,0,0,1
지나니,84,0,0,1,8,1,91,15,0,0,40,5,1,0,14,1,1,5,0
걱정반기대반,23,0,0,2,13,13,75,47,0,0,21,6,7,0,0,7,1,5,0
조율사,14,0,0,2,16,4,50,24,0,0,8,12,2,0,0,2,0,0,1
하이브o,0,0,0,2,18,1,43,156,0,0,3,1,0,0,0,0,0,5,0
머슬업,37,0,0,11,10,3,66,31,0,0,15,6,0,1,0,0,2,4,0
빵일재,13,0,0,1,9,10,47,69,0,0,26,8,1,2,0,1,0,5,0
대중,48,0,0,2,53,1,59,154,0,0,92,6,0,3,1,0,0,5,1
취돌이,33,0,0,2,23,17,116,19,0,0,33,4,0,1,0,0,1,5,0
쌈개,22,0,0,2,10,1,98,56,0,0,21,5,0,3,1,0,1,5,0
바우와우,3,0,0,3,15,19,90,35,0,0,9,2,51,0,0,51,0,0,0
용두두두,38,0,0,1,12,0,0,32,0,0,60,10,0,0,0,0,0,5,0
저주캐,17,0,0,4,5,11,21,66,0,0,4,3,36,0,4,36,0,0,0
소수,15,0,0,3,15,8,98,19,0,0,13,3,0,0,0,0,1,5,0
박달콤,18,0,0,2,13,1,94,16,0,0,51,9,7,2,6,7,2,5,0
주유공근,27,0,0,1,12,4,73,26,0,0,26,11,9,0,0,9,1,0,0
봐봐,24,0,0,2,14,44,38,26,0,0,26,12,1,2,6,1,0,5,1
빛의속도로,3,0,0,4,10,8,77,63,0,0,3,7,20,1,0,20,0,0,0
딱따닥,52,0,0,6,10,6,53,62,0,0,21,12,1,0,4,1,1,0,1
김깨뿡,16,0,0,3,8,20,7,64,0,0,10,5,11,0,2,11,1,0,0
엘드,0,0,0,2,8,74,68,33,0,0,10,7,0,0,19,0,0,0,0
개장수되고픔,38,0,0,2,11,5,37,10,0,0,59,8,11,0,0,11,1,5,1
아케,41,0,0,1,5,1,2,43,0,0,4,12,1,0,2,1,1,0,1
구블리,29,0,0,1,10,2,21,31,0,0,48,8,7,2,5,7,0,5,1
예사민,29,0,0,2,11,3,75,98,0,0,35,9,6,0,0,6,1,5,0
구리구리yo,32,0,0,4,13,2,66,39,0,0,41,3,10,2,7,10,1,0,1
MADJK,0,0,0,2,9,43,81,85,0,0,34,3,44,0,0,44,1,0,0
Doong,12,0,0,4,21,18,143,26,0,0,45,9,5,0,5,5,2,5,0
SouDark,25,0,0,2,9,4,57,11,0,0,62,5,0,0,0,0,0,5,0
수녀,50,0,0,2,19,1,18,101,0,0,133,14,0,3,1,0,0,6,0
녹색곰,1,0,0,1,13,26,2,108,0,0,15,4,20,0,0,20,0,0,0
루브,3,0,0,2,24,7,132,17,0,0,25,3,4,0,0,4,1,5,0
랑랑,17,0,0,2,12,2,149,11,0,0,18,3,0,0,0,0,1,4,0
SLPG,11,0,0,3,8,2,100,45,0,0,22,6,4,0,0,4,1,0,0
대못과오함마,28,0,0,1,7,16,58,49,0,0,5,7,0,0,0,0,1,0,0
속마음,29,0,0,5,10,3,85,31,0,0,26,15,0,0,6,0,0,5,0
jes000,7,0,0,6,32,25,35,47,0,0,5,5,9,0,1,9,0,0,0
카르페디앰,18,0,0,3,10,1,112,30,0,0,33,3,1,0,7,1,0,5,0
마이규미,99,0,0,2,12,0,78,50,0,0,7,6,0,6,0,0,1,0,0
RealKB,13,0,0,3,10,7,81,102,0,0,19,3,4,1,2,4,0,5,0
소여우,19,0,0,3,9,6,76,51,0,0,17,8,15,4,4,15,0,5,1
공병제로,9,0,0,15,13,5,159,106,0,0,12,7,26,0,0,26,1,0,0
뾰로롱천사,2,0,0,2,21,2,14,111,0,0,8,3,0,1,0,0,0,0,0
천이,10,0,0,2,12,13,117,21,0,0,19,8,11,0,10,11,1,5,0
KR하운드,30,0,0,1,34,3,82,14,0,0,48,7,7,0,14,7,1,5,0
던슨,15,0,0,2,19,7,75,33,0,0,19,11,1,0,2,1,1,5,0
혼종똥개,33,0,0,3,7,23,63,48,0,0,22,13,8,0,0,8,1,5,0
나이뽀,18,0,0,3,14,2,121,34,0,0,38,7,0,3,2,0,1,4,0
변싼체로발견,16,0,0,1,11,3,2,94,0,0,26,5,1,0,0,1,2,0,0
SINBI,38,0,0,3,18,1,34,43,0,0,33,18,19,0,4,19,2,0,1
큰별,39,0,0,2,26,1,136,10,0,0,40,9,0,0,1,0,1,5,1
공하랑,18,0,0,3,11,5,142,65,0,0,13,4,0,0,2,0,2,5,1
물의요정삼다수,37,0,0,2,20,1,54,65,0,0,74,12,0,4,4,0,1,6,1
구르르,35,0,0,2,20,4,103,40,0,0,37,10,0,1,5,0,1,5,0
꼰지이,16,0,0,2,17,1,63,47,0,0,4,5,0,2,0,0,0,5,0
dol82,5,0,0,3,16,13,9,59,0,0,30,14,46,0,1,46,1,0,1
himm,20,0,0,2,11,2,50,45,0,0,105,8,0,0,2,0,0,5,1
편의점샛별이,49,0,0,3,14,2,92,38,0,0,28,8,0,3,0,0,2,5,0
어른,26,0,0,1,16,1,12,109,0,0,6,5,0,0,0,0,1,5,0
먼데이키즈,14,0,0,2,16,12,110,7,0,0,31,12,0,1,0,0,2,5,0
정서방,8,0,0,3,17,2,116,17,0,0,39,11,9,3,8,9,1,5,1
올챙이,7,0,0,1,18,41,47,66,0,0,3,5,0,0,2,0,1,5,0
모젤,16,0,0,1,13,1,64,81,0,0,63,7,2,0,1,2,0,5,0
이발랑,2,0,0,2,18,4,4,54,0,0,23,5,0,0,0,0,1,5,0
지우재현,13,0,0,2,20,3,92,85,0,0,11,5,10,0,1,10,1,5,0
막판,16,0,0,2,16,0,98,22,0,0,53,6,0,0,0,0,0,5,0
아사이,22,0,0,1,16,22,24,49,0,0,14,4,56,0,0,56,1,5,1
IlIlIlIl,24,0,0,3,12,1,104,21,0,0,15,5,1,0,0,1,1,5,0
까칠한인이,17,0,0,2,9,3,105,21,0,0,34,13,9,3,2,9,1,5,0
검은물밑,17,0,0,2,12,6,67,51,0,0,15,4,0,0,0,0,1,0,0
대략난감0,0,0,0,3,20,4,58,121,0,0,4,3,9,0,1,9,0,5,0
재미진,9,0,0,2,20,1,76,52,0,0,45,7,4,3,2,4,1,5,1
갈황색미치광이버섯,18,0,0,4,12,2,2,80,0,0,3,6,0,0,2,0,0,5,0
reion,19,0,0,2,3,2,63,33,0,0,25,3,38,0,0,38,1,0,0
맹구,63,0,0,2,23,31,56,124,0,0,72,9,13,4,13,13,2,5,0
마그테리돈,17,0,0,1,20,10,66,51,0,0,23,2,0,1,4,0,2,0,1
그림나무,32,0,0,2,18,2,85,45,0,0,14,3,26,0,1,26,1,5,0
생명체,12,0,0,2,13,2,63,68,0,0,42,3,0,5,0,0,1,5,0
세리크나,47,0,0,2,25,1,61,75,0,0,65,18,0,2,1,0,1,5,1
서울점령,16,0,0,6,9,11,177,38,0,0,90,12,17,7,17,17,3,5,1
노주,20,0,0,2,15,4,106,25,0,0,60,13,5,1,2,5,0,0,0
홍사마,24,0,0,3,7,1,51,69,0,0,3,3,26,2,3,26,0,0,0
진도,25,0,0,2,24,3,103,68,0,0,47,5,1,2,1,1,1,5,0
I리오I,1,0,0,4,5,7,172,77,0,0,30,9,14,0,15,14,0,0,1
문샤인,19,0,0,4,8,39,33,35,0,0,24,8,19,1,1,19,1,0,0
861215,5,0,0,2,14,7,4,98,0,0,15,27,23,1,2,23,1,0,0
우희,14,0,0,2,10,5,93,9,0,0,76,3,0,2,0,0,1,5,0
흥분,17,0,0,6,9,24,86,51,0,0,22,6,27,1,6,27,1,0,1
송진우다,43,0,0,1,11,1,29,27,0,0,71,10,0,0,0,0,2,5,0
murderer,21,0,0,3,14,4,127,22,0,0,8,5,0,0,1,0,1,5,0
방구쟁이뿡뿡,1,0,0,2,15,2,4,87,0,0,16,6,0,1,0,0,1,0,0
벅스,17,0,0,1,12,2,39,7,0,0,31,4,1,0,0,1,1,0,0
다크미카엘,20,0,0,2,12,2,80,72,0,0,82,4,0,1,0,0,1,5,0
알럽쩡,33,0,0,2,10,1,62,58,0,0,8,5,0,0,0,0,0,5,0
악의,21,0,0,2,14,1,44,36,0,0,11,4,0,0,1,0,1,5,0
아르카이제,8,0,0,2,8,1,76,59,0,0,36,6,0,0,1,0,1,5,1
개장수,30,0,0,2,15,1,116,36,0,0,105,3,0,0,0,0,0,5,0
시츄,23,0,0,2,7,7,70,38,0,0,19,3,0,0,0,0,0,5,0
주선생,28,0,0,2,11,1,97,23,0,0,33,27,0,1,3,0,0,5,1
운신,15,0,0,2,8,34,99,63,0,0,19,6,3,0,0,3,0,0,0
항칼,4,0,0,2,6,3,90,68,0,0,38,17,41,0,0,41,1,5,0
카스퍼스키,32,0,0,2,15,0,136,26,0,0,37,3,0,7,1,0,1,5,0
왕팅팅,5,0,0,2,6,1,51,78,0,0,3,5,0,0,0,0,2,5,0
gajangsoo,11,0,0,7,11,1,68,108,0,0,29,5,2,2,10,2,1,1,0
장수말벌,8,0,0,3,8,21,67,58,0,0,12,4,0,0,1,0,0,0,0
LMML,19,0,0,2,13,47,4,33,0,0,7,17,5,0,9,5,0,0,0
천사희,0,0,0,1,22,1,75,10,0,0,53,6,0,1,0,0,1,5,0
6A0,14,0,0,4,16,25,96,38,0,0,12,8,11,0,0,11,2,0,0
스핀무브,39,0,0,3,22,5,117,82,0,0,42,9,13,0,0,13,0,0,1
백룡,27,0,0,2,15,1,125,19,0,0,26,7,0,0,0,0,0,5,0
드발리아,7,0,0,2,15,24,101,12,0,0,13,12,0,0,0,0,1,5,0
jinmokjjang,18,0,0,4,17,17,56,61,0,0,10,4,0,0,0,0,1,0,0
철이,37,0,0,2,13,1,163,13,0,0,50,4,0,1,2,0,0,5,1
강기린,11,0,0,2,7,9,94,21,0,0,40,6,5,1,0,5,2,5,0
몽그래,32,0,0,2,15,1,28,76,0,0,79,14,0,0,0,0,0,5,0
JHL,0,0,0,2,6,5,67,58,0,0,3,5,0,5,0,0,0,0,0
붉은독수리,27,0,0,2,13,1,52,33,0,0,23,4,6,0,1,6,1,5,0
멍이,43,0,0,1,12,4,2,81,0,0,4,3,16,0,2,16,0,0,0
연못,43,0,0,5,10,48,146,34,0,0,32,18,5,1,3,5,1,0,0
에쁘낄라,11,0,0,3,17,0,0,85,0,0,6,6,0,3,0,0,0,0,0
벌레꼬치,5,0,0,2,18,1,13,96,0,0,7,5,17,0,1,17,0,0,0
KR하이브,14,0,0,2,17,1,104,47,0,0,13,3,1,0,1,1,0,5,0
tliton,26,0,0,1,15,5,30,45,0,0,19,6,7,1,2,7,1,4,1
푸우젤리,13,0,0,3,8,43,73,30,0,0,11,10,16,1,4,16,0,5,0
맛악,5,0,0,2,21,1,104,73,0,0,62,4,0,2,0,0,0,5,0
스팡즈,8,0,0,2,16,22,125,17,0,0,25,6,0,3,8,0,1,0,1
개랑나,11,0,0,3,27,1,10,88,0,0,55,5,0,1,1,0,1,5,0
스카이맨,24,0,0,2,8,5,70,59,0,0,12,3,0,0,0,0,1,5,0
관리귀찮다,31,0,0,2,22,4,104,42,0,0,24,6,0,0,0,0,1,5,0
여왕Bee,28,0,0,1,18,3,61,43,0,0,33,8,3,1,1,3,1,5,1
하이브라하이브라,39,0,0,1,17,0,78,20,0,0,35,3,8,0,4,8,3,5,0
밍쥬,18,0,0,2,8,4,60,32,0,0,28,4,0,2,0,0,2,5,0
크헝,31,0,0,2,17,4,2,130,0,0,19,7,0,8,2,0,4,5,0
과장이은성,25,0,0,2,11,1,8,124,0,0,21,4,10,5,0,10,0,5,0
새우,5,0,0,2,6,6,62,71,0,0,38,6,3,1,0,3,3,0,0
에밀나루드,10,0,0,2,16,2,137,7,0,0,24,0,4,0,0,4,1,5,0
할으방,5,0,0,4,12,79,80,40,0,0,19,10,31,0,0,31,0,0,0
꾸이랑,13,0,0,3,11,0,3,110,0,0,53,1,0,0,0,0,2,5,0
쪼림아비,22,0,0,1,24,14,30,79,0,0,41,8,21,0,6,21,1,5,0
호호듀,7,0,0,2,13,1,111,27,0,0,51,13,0,1,0,0,0,5,0
Zip,23,0,0,1,9,7,102,27,0,0,43,5,0,3,1,0,1,0,0
으히이싸,5,0,0,2,9,0,18,130,0,0,32,4,0,6,0,0,2,5,0
도깨비빤스,43,0,0,0,14,2,2,65,0,0,25,8,7,0,0,7,1,5,0
mkr123,0,0,0,2,9,1,16,100,0,0,19,9,2,0,0,2,1,5,1
답이,36,6,0,1,17,1,4,121,0,0,18,6,0,0,0,0,1,0,0
니들,45,0,0,3,9,1,194,4,0,0,24,6,0,0,2,0,0,6,1
멋진할아브,22,0,0,3,12,27,52,47,0,0,5,4,0,0,0,0,3,5,1
잉붕어,46,0,0,9,9,3,77,62,0,0,35,10,5,1,1,5,1,4,0
대수,27,0,0,1,30,1,34,110,0,0,29,3,0,3,1,0,0,5,0
CoolSt,4,0,0,6,8,9,89,52,0,0,29,10,1,3,2,1,1,0,0
제니타,15,0,0,3,14,8,97,42,0,0,29,3,0,0,0,0,2,0,1
대현,5,0,0,2,16,0,50,50,0,0,29,4,1,0,1,1,0,0,0
찌꺼기,15,0,0,2,16,1,35,87,0,0,30,5,3,0,0,3,0,5,0
영치리,28,0,0,1,14,10,76,97,0,0,4,5,17,0,0,17,0,3,0
편도,11,0,0,3,13,1,152,13,0,0,16,10,0,1,0,0,2,5,0
2Pac,35,0,0,2,24,1,40,19,0,0,48,6,0,2,0,0,0,5,0
진뱅,1,0,0,1,5,9,10,32,0,0,52,13,0,1,4,0,0,5,0
용감한매처럼,25,0,0,2,18,4,107,20,0,0,14,3,0,0,0,0,2,5,0
발로햄,28,0,0,3,8,1,44,82,0,0,34,3,0,1,0,0,1,5,0
다이겨,28,0,0,3,15,77,5,77,0,0,30,9,6,0,4,6,1,0,1
척사광,18,0,0,1,42,3,46,39,0,0,48,5,0,2,2,0,1,5,0
이젤,25,0,0,6,12,6,144,97,0,0,18,6,6,4,2,6,1,5,1
몸짱성대리,35,0,0,2,17,18,2,95,0,0,3,3,0,1,0,0,0,5,1
토루크막토,14,0,0,2,10,6,6,75,0,0,4,4,0,1,0,0,1,5,0
개똥형,43,0,0,2,41,3,162,48,0,0,4,4,6,0,1,6,2,0,1
피곤,13,0,0,2,9,1,118,12,0,0,32,21,0,1,0,0,1,5,0
휴먼마드레이,39,0,0,4,9,1,53,102,0,0,50,11,15,0,7,15,1,5,1
원찬나라,45,0,0,3,13,1,83,124,0,0,73,9,0,0,0,0,1,5,0
라시드,16,0,0,2,10,1,80,115,0,0,19,3,2,0,0,2,1,4,0
carl,16,0,0,2,7,2,60,48,0,0,19,13,0,0,0,0,1,5,0
첼로,13,0,0,2,16,1,94,38,0,0,30,0,0,0,3,0,1,0,0
오드아이,21,0,0,2,9,1,43,11,0,0,91,7,0,0,0,0,2,5,0
라면줄게오빠믿지,47,0,0,4,45,5,29,40,0,0,37,7,1,0,3,1,0,0,0
흐어허어어어허엉,19,0,0,2,15,9,36,25,0,0,28,10,11,0,4,11,1,5,1
레기,0,0,0,3,10,0,116,35,0,0,35,2,2,2,0,2,2,0,0
특공할배,15,0,0,2,12,1,115,36,0,0,18,3,0,1,0,0,6,0,0
rakeny,7,0,0,2,8,7,96,28,0,0,46,5,0,1,0,0,2,5,0
골든쿠크리,15,0,0,2,16,18,69,82,0,0,29,6,1,0,0,1,1,5,0
돈까스피자햄버거,41,0,0,2,23,17,62,31,0,0,6,5,15,0,0,15,1,5,0
시에리,0,0,0,2,15,3,75,110,0,0,54,4,0,0,1,0,2,5,0
Cerinthus,29,0,0,2,8,47,2,110,0,0,15,8,6,0,0,6,2,5,0
이쿠링,7,0,0,2,18,1,114,21,0,0,28,7,0,4,3,0,0,5,0
주인님,13,0,0,1,13,2,72,30,0,0,14,7,3,5,0,3,3,5,0
가로수그늘,11,0,0,2,15,14,111,21,0,0,55,4,15,0,3,15,1,5,0
스타의꽃마린,16,0,0,3,16,1,93,35,0,0,31,3,0,1,0,0,2,5,0
개양반,0,0,0,4,5,13,59,63,0,0,17,6,8,4,1,8,1,0,0
정복동,32,0,0,1,12,1,31,20,0,0,20,3,0,0,2,0,1,5,0
JaeKing,14,0,0,2,5,9,115,18,0,0,17,8,1,1,1,1,4,0,0
딕야스퍼스,22,0,0,2,14,1,82,42,0,0,68,6,0,0,6,0,1,0,0
스타킹,21,0,0,1,20,8,63,54,0,0,49,6,0,0,1,0,1,5,0
작두콩,15,0,0,2,14,6,82,33,0,0,12,4,0,0,0,0,1,5,0
이그드라,28,0,0,2,12,1,115,5,0,0,3,11,3,1,3,3,2,5,0
살루만,3,0,0,1,12,13,43,47,0,0,20,3,0,0,0,0,2,5,0
한쪼딩,27,0,0,4,9,1,72,94,0,0,49,5,0,0,1,0,1,5,0
소액결제,15,0,0,3,5,0,12,179,0,0,24,10,3,0,5,3,0,4,0
서초,38,0,0,4,17,45,59,82,0,0,8,17,21,1,2,21,2,5,0
명랑태랑,37,0,0,2,9,3,66,36,0,0,56,7,0,0,0,0,0,5,0
아행힝행홍,16,0,0,3,16,23,16,82,0,0,6,5,54,2,1,54,1,5,0
Euiseok,40,0,0,2,27,2,79,40,0,0,22,3,0,0,1,0,0,5,0
themotel,23,0,0,11,9,18,58,52,0,0,20,6,22,1,2,22,2,0,0
푸들,7,0,0,1,19,1,114,37,0,0,31,4,1,6,0,1,0,0,0
노아르미,11,0,0,1,11,5,99,31,0,0,36,10,3,0,1,3,2,5,1
메꽃,22,0,0,6,8,2,140,20,0,0,92,13,0,0,3,0,1,5,0
오라버니만세,16,0,0,3,11,6,12,151,0,0,36,3,0,1,1,0,0,0,0
좀비킬러,16,0,0,3,4,7,77,114,0,0,55,6,10,0,1,10,0,1,1
짜짱,54,0,0,1,21,4,69,54,0,0,12,11,1,0,0,1,3,5,0
보포도,6,0,0,3,9,19,101,74,0,0,19,0,13,0,0,13,1,0,0
무스탕친구,19,0,0,2,12,0,48,65,0,0,55,2,0,0,1,0,1,5,0
하느으리,17,0,0,5,17,46,105,58,0,0,14,8,16,1,0,16,0,5,0
리버스할아브,28,0,0,2,17,1,106,48,0,0,26,6,7,0,1,7,1,5,0
뇌동,12,0,0,2,9,10,100,45,0,0,37,10,0,1,1,0,1,5,0
백곰v,8,0,0,3,3,10,90,30,0,0,45,12,2,1,1,2,0,5,1
미스터K,30,0,0,2,17,1,110,16,0,0,42,9,0,0,0,0,1,5,0
해기아범,15,0,0,1,11,1,76,15,0,0,21,3,0,0,0,0,2,5,0
람지,41,0,0,7,21,7,49,46,0,0,23,6,2,0,0,2,0,0,0
UDT,33,0,0,4,15,4,187,33,0,0,42,26,3,0,5,3,2,5,1
GaMulCi,0,0,0,1,9,5,34,59,0,0,15,4,0,0,0,0,0,5,0
지야,27,0,0,2,12,4,96,52,0,0,50,8,42,0,2,42,1,0,0
진도백구,0,0,0,2,12,1,2,97,0,0,3,4,1,4,0,1,1,5,0
양양이,11,0,0,2,9,7,100,14,0,0,42,6,5,0,0,5,3,5,0
햄토리,28,0,0,3,9,18,40,69,0,0,19,11,6,0,0,6,2,5,0
레몬울컥,5,0,0,3,11,8,50,76,0,0,8,5,3,0,1,3,2,5,1
셉간지,7,0,0,2,5,4,125,11,0,0,17,13,0,0,0,0,2,0,0
에픽좀,27,0,0,2,6,7,70,54,0,0,43,5,0,0,1,0,2,5,0
우주아빠,20,0,0,2,14,10,109,11,0,0,67,6,0,0,0,0,1,5,0
탐관오리,19,0,0,2,15,2,100,70,0,0,2,11,6,0,0,6,1,5,0
조민경,0,0,0,2,12,6,110,86,0,0,3,5,0,0,1,0,1,5,0
갇할배,20,0,0,2,6,25,74,25,0,0,29,6,0,4,0,0,1,5,0
맨들맨들,43,0,0,2,10,3,63,179,0,0,127,169,0,0,5,0,0,6,1
타이탄,36,0,0,3,30,2,67,76,0,0,14,8,13,0,3,13,1,5,0
맥딜,20,0,0,3,21,1,117,69,0,0,52,19,1,0,2,1,2,5,1
한스타,17,0,0,2,10,7,74,78,0,0,2,2,0,0,1,0,0,1,0
최뻔뻔,26,0,0,1,13,11,20,29,0,0,41,7,3,0,2,3,1,0,0
THEODORE,17,0,0,1,9,6,78,27,0,0,25,17,9,0,6,9,1,0,1
빵사유,10,0,0,1,13,2,68,102,0,0,11,14,8,3,0,8,0,5,0
창조,1,0,0,2,13,1,81,19,0,0,22,3,0,0,1,0,1,0,0
UMsLAB,14,0,0,2,8,3,16,59,0,0,42,11,13,4,2,13,2,5,1
병앓이,9,0,0,2,9,2,167,35,0,0,74,6,0,0,2,0,1,5,0
정치부부장,20,0,0,3,11,0,24,60,0,0,16,14,0,0,6,0,1,0,0
김삿갓,6,0,0,2,7,1,66,121,0,0,37,16,7,0,0,7,1,0,0
여섯번째바람,31,0,0,3,9,2,111,24,0,0,32,5,1,0,2,1,0,5,0
할아브짐,29,0,0,2,8,0,52,59,0,0,13,1,0,0,1,0,1,5,0
우끾,9,0,0,11,16,18,70,54,0,0,10,1,2,0,7,2,1,0,0
강스패밀리,30,0,0,1,12,2,60,42,0,0,24,3,1,1,0,1,1,5,0
Destroyer,13,0,0,2,17,4,64,148,0,0,36,8,0,1,0,0,2,0,0
키쿤,0,0,0,2,8,1,21,64,0,0,61,3,0,0,6,0,0,0,0
최승현,7,0,0,4,12,6,4,54,0,0,12,19,33,1,0,33,2,0,1
진실의방,49,0,0,2,29,0,96,107,0,0,39,3,2,0,0,2,1,5,1
미니부장,18,0,0,2,24,2,132,37,0,0,59,9,0,2,0,0,0,5,0
미남영기,16,0,0,2,13,2,146,24,0,0,25,5,0,0,0,0,2,5,0
피얀,22,0,0,1,10,8,93,41,0,0,19,3,3,1,0,3,1,5,0
다굴의진수,15,0,0,2,18,2,50,86,0,0,13,3,0,0,1,0,1,0,0
후쿠야마쥰,23,0,0,2,11,2,40,90,0,0,40,8,1,0,0,1,1,5,0
이따출,12,0,0,3,18,15,67,31,0,0,17,3,5,0,7,5,1,5,1
Luca,17,0,0,5,6,21,86,49,0,0,9,1,0,2,0,0,0,3,0
천궁별,44,0,0,1,35,0,4,41,0,0,11,2,0,0,1,0,1,5,0
수호령,12,0,0,2,9,33,96,19,0,0,13,6,4,0,0,4,1,0,0
메르시,20,0,0,2,26,4,117,83,0,0,56,11,0,2,1,0,0,5,0
리키시아,8,0,0,2,8,7,109,32,0,0,7,5,0,3,2,0,2,0,0
싸이비지존,8,0,0,3,7,6,159,22,0,0,59,6,0,0,1,0,1,4,0
대이융,17,0,0,3,18,6,128,34,0,0,18,5,0,1,0,0,0,0,0
기억조각,15,0,0,4,9,4,93,64,0,0,14,7,3,0,0,3,1,5,1
할아이브,13,0,0,5,17,1,13,69,0,0,24,9,16,0,4,16,0,0,0
bab,16,0,0,9,8,19,79,110,0,0,6,0,2,1,0,2,0,0,0
DREAM,34,0,0,10,17,39,46,51,0,0,12,14,2,2,9,2,2,4,0
FTISLAND,15,0,0,6,16,24,70,45,0,0,5,4,20,2,7,20,1,0,0
레스타트,15,0,0,5,7,13,49,111,0,0,21,6,48,0,0,48,0,0,0
으응뭐라구,15,0,0,12,13,17,65,79,0,0,5,4,1,7,0,1,2,0,0
진격의롯데,41,0,0,2,9,28,6,76,0,0,13,3,38,0,1,38,0,0,0
뚜무,32,0,0,5,8,27,112,49,0,0,6,7,1,1,1,1,0,5,0
지연사랑08,17,0,0,3,7,34,5,75,0,0,21,10,5,0,3,5,0,0,1
테스토니,39,0,0,10,7,5,10,125,0,0,17,3,6,2,3,6,3,0,0
nam707,20,0,0,4,11,4,22,38,0,0,21,6,18,0,2,18,0,5,1
나라장터,8,0,0,3,13,46,93,45,0,0,6,2,1,4,5,1,2,0,0
달라스,10,0,0,7,6,1,63,72,0,0,13,6,7,0,0,7,0,0,0
헐아브,73,0,0,5,11,2,70,57,0,0,20,11,26,0,2,26,0,0,0
에렌,21,0,0,2,12,1,26,47,0,0,50,3,1,0,1,1,0,5,0
심연식인,30,0,0,7,17,11,33,83,0,0,10,6,0,0,0,0,1,0,0
아빠곰,37,0,0,2,9,25,71,19,0,0,71,14,20,0,5,20,0,0,1
소홍주,53,0,0,5,15,14,53,124,0,0,51,2,1,1,5,1,0,0,1
푸하히히호호,23,0,0,6,26,23,71,94,0,0,26,4,0,3,2,0,2,0,0
DORU,5,0,0,3,15,1,23,89,0,0,113,11,0,1,0,0,0,5,0
허베이더,21,0,0,5,10,7,86,25,0,0,20,13,25,0,3,25,1,5,0
뭐해,18,0,0,11,9,3,21,115,0,0,7,9,14,4,0,14,2,0,0
변과장,15,0,0,7,16,24,100,76,0,0,14,5,5,5,4,5,3,5,0
Legion,26,0,0,2,15,23,23,117,0,0,16,19,23,5,3,23,1,0,1
바오야,26,0,0,2,21,3,17,73,0,0,36,3,0,0,7,0,0,5,1
사이버장군,51,0,0,5,6,41,4,97,0,0,9,15,23,0,0,23,0,4,1
블루베리티라노,19,0,0,6,20,6,53,56,0,0,18,3,0,0,1,0,0,0,0
AlphaDogma,11,0,0,4,9,1,5,91,0,0,13,2,3,0,0,3,0,0,0
빚내서남주랴,37,0,0,4,18,4,80,78,0,0,6,4,2,2,4,2,1,0,0
산송장,40,0,0,14,11,22,160,51,0,0,40,17,3,4,6,3,5,5,1
푸른백구,26,0,0,6,14,55,44,105,0,0,15,4,3,2,4,3,1,0,1
바림,15,0,0,5,16,2,84,77,0,0,21,5,3,0,0,3,0,0,0
앙저의게임,12,0,0,5,13,21,72,64,0,0,20,14,0,1,2,0,0,0,0
벌집탄,27,0,0,4,19,1,79,136,0,0,15,3,49,1,1,49,0,5,0
산바람,11,0,0,3,14,16,12,69,0,0,16,10,9,1,1,9,0,0,1
인천반달곰,16,0,0,3,28,2,49,71,0,0,10,7,0,0,0,0,1,0,0
유라,23,0,0,4,14,0,156,96,0,0,9,4,5,0,2,5,0,5,1
양곱창,53,0,0,13,7,86,54,122,0,0,24,9,1,2,5,1,2,5,1
HalVE,24,0,0,4,16,6,93,86,0,0,3,5,2,1,3,2,0,5,0
오타다,18,0,0,9,12,46,63,89,0,0,8,7,2,0,2,2,0,0,0
이은정,23,0,0,6,7,61,66,141,0,0,11,7,4,0,5,4,1,0,0
엑셀시오,25,0,0,7,12,30,52,60,0,0,12,10,5,0,3,5,2,0,0
HoiT,14,0,0,5,14,6,58,47,0,0,26,10,2,1,1,2,0,5,0
깜유,5,0,0,13,12,6,90,72,0,0,11,13,8,7,0,8,3,4,0
제라툴,13,0,0,4,11,11,67,67,0,0,8,9,0,6,0,0,1,5,1
거니찡,24,0,0,9,11,10,156,51,0,0,3,6,2,1,3,2,3,0,1
같이살자,10,0,0,10,8,15,66,98,0,0,7,5,2,8,1,2,4,0,0
꿈돌이,33,0,0,12,13,4,89,45,0,0,19,7,24,0,6,24,3,0,0
할아브똥개,10,0,0,4,10,32,61,29,0,0,4,10,6,1,4,6,0,5,0
전기뱀장어,23,0,0,10,6,22,25,63,0,0,17,11,1,2,3,1,2,4,0
아브라카타부라,22,0,0,11,3,12,39,74,0,0,19,6,48,0,2,48,1,0,0
류하린,11,0,0,4,10,12,90,70,0,0,25,8,9,0,1,9,0,5,0
만상,12,0,0,5,16,20,87,39,0,0,9,8,0,0,11,0,0,0,0
권용진,31,0,0,3,8,1,48,124,0,0,93,4,10,4,10,10,1,5,1
갓할배님,9,0,0,3,27,14,52,92,0,0,25,6,1,0,0,1,0,5,0
묠로크,14,0,0,4,8,17,11,80,0,0,10,4,1,2,8,1,0,0,0
키베,15,0,0,10,10,17,87,93,0,0,7,6,3,0,1,3,0,5,0
황빡구,18,0,0,5,27,20,82,42,0,0,14,6,3,1,0,3,1,5,0
양진슈,14,0,0,7,8,15,120,58,0,0,11,9,35,0,3,35,0,0,0
안경,2,0,0,7,4,2,85,132,0,0,15,3,45,1,0,45,0,0,0
아라차카,18,0,0,3,7,8,11,63,0,0,15,5,1,0,8,1,0,0,0
jung,7,0,0,6,8,35,17,124,0,0,12,5,14,0,1,14,0,0,0
수입,25,0,0,3,27,6,80,55,0,0,9,6,0,0,2,0,0,5,0
개성,55,0,0,7,53,1,13,181,0,0,46,12,1,0,5,1,1,0,0
광전사사령관,14,0,0,4,8,33,95,91,0,0,43,3,31,0,20,31,0,5,0
그리메,6,0,0,4,7,6,37,82,0,0,3,8,5,0,3,5,0,0,0
똥구녕,8,0,0,6,13,7,48,49,0,0,13,7,4,2,1,4,0,0,0
태현띠,31,0,0,16,6,7,150,142,0,0,29,6,43,0,8,43,2,0,1
정글,6,0,0,3,9,77,33,99,0,0,19,5,0,0,6,0,0,5,0
아야아야해,5,0,0,3,12,13,64,78,0,0,3,4,38,3,3,38,0,5,0
코드2514,32,0,0,6,15,18,69,135,0,0,8,4,1,1,15,1,0,5,1
pap,12,0,0,12,19,21,84,70,0,0,8,7,0,4,0,0,3,0,0
꼬질스,13,0,0,5,20,16,29,103,0,0,22,6,0,0,0,0,0,0,0
개장수하늘소,32,0,0,8,10,10,60,33,0,0,13,26,0,2,8,0,0,0,1
신내린드럼통,13,0,0,10,8,7,96,56,0,0,16,4,25,3,3,25,0,0,0
런투유,24,0,0,4,15,0,74,67,0,0,15,3,1,0,2,1,0,0,0
꽃길만걷자성대리,12,0,0,10,4,7,14,76,0,0,14,4,18,1,2,18,2,4,0
세스코장인,16,0,0,4,11,5,44,90,0,0,19,7,10,0,1,10,0,5,0
서비,99,0,0,4,11,1,109,57,0,0,17,4,8,0,1,8,0,5,0
야스,9,0,0,12,6,27,71,73,0,0,14,6,10,0,1,10,2,0,0
KM하이브,18,0,0,9,9,12,63,35,0,0,32,16,22,1,6,22,0,5,0
박승호부장,19,0,0,4,11,4,2,90,0,0,13,7,0,0,0,0,1,0,0
창원촌놈,0,0,0,4,14,48,64,82,0,0,7,5,0,0,0,0,0,0,0
지민빵,4,0,0,5,16,57,21,122,0,0,17,19,1,1,18,1,2,5,0
하위,18,0,0,7,8,14,19,82,0,0,18,8,0,3,1,0,0,4,0
별헤는밤,11,0,0,3,9,7,35,86,0,0,16,7,6,7,0,6,1,0,0
S급버그킬러,19,0,0,14,6,20,38,159,0,0,7,3,2,2,2,2,2,0,0
까칠한여리,4,0,0,6,18,14,13,85,0,0,15,7,0,0,0,0,0,0,0
호동,13,0,0,5,14,30,38,103,0,0,8,11,8,2,2,8,1,0,0
꼴두기,13,0,0,6,14,34,98,100,0,0,4,7,36,2,5,36,0,0,0
사나미나다현채영쯔위,29,0,0,2,13,13,88,35,0,0,26,7,0,0,0,0,0,5,0
전차,1,0,0,5,12,48,39,121,0,0,13,10,0,0,3,0,1,0,0
릭샤,29,0,0,7,18,13,11,100,0,0,2,3,1,0,0,1,1,0,0
피요,12,0,0,3,10,14,86,40,0,0,35,6,0,1,1,0,1,5,0
SN설현,25,0,0,3,9,0,50,77,0,0,2,9,14,0,7,14,0,5,0
갱with희주,9,0,0,5,26,1,33,106,0,0,21,4,18,1,0,18,3,0,0
마토,12,0,0,4,15,50,70,33,0,0,9,9,9,0,2,9,0,0,0
스나이퍼,0,0,0,3,12,1,37,152,0,0,14,8,11,0,1,11,0,5,0
루납,11,0,0,3,13,9,31,107,0,0,32,7,2,0,2,2,1,5,0
김상병,22,0,0,3,16,32,77,33,0,0,16,3,2,0,6,2,0,3,0
NoMic,32,0,0,3,12,9,38,146,0,0,33,8,0,4,2,0,1,5,0
디지독,29,0,0,4,12,1,70,84,0,0,25,10,0,5,8,0,3,0,0
채모기,5,0,0,5,11,4,100,71,0,0,10,4,0,0,0,0,0,0,0
타아미,40,0,0,4,19,24,37,47,0,0,13,3,0,0,9,0,0,5,0
밤하늘꽃,2,0,0,5,21,12,42,135,0,0,7,7,9,0,1,9,1,0,0
만복림,22,0,0,5,14,27,74,56,0,0,19,10,6,0,0,6,0,0,0
사요거,26,0,0,10,5,19,19,87,0,0,8,0,8,1,4,8,3,0,0
GrouchSmurf,13,0,0,4,16,3,32,59,0,0,6,3,6,2,2,6,1,0,0
이진우,31,0,0,6,18,36,98,43,0,0,35,3,14,4,8,14,2,5,0
인포마스터,29,0,0,7,20,6,21,158,0,0,8,3,1,0,0,1,0,5,0
MOUSE,12,0,0,4,9,33,44,41,0,0,27,12,7,0,5,7,0,5,0
곤충학자,6,0,0,4,15,66,7,146,0,0,9,3,0,1,0,0,0,5,0
벌레,10,0,0,3,41,1,80,66,0,0,7,10,7,0,0,7,0,5,0
아리에르,6,0,0,5,18,28,67,55,0,0,10,3,2,0,1,2,0,4,1
Rudeka,29,0,0,7,16,21,106,49,0,0,15,13,44,1,3,44,0,4,1
걔장수,21,0,0,4,13,27,83,113,0,0,8,2,0,0,1,0,0,5,1
진오,21,0,0,7,10,19,62,110,0,0,26,5,10,2,2,10,1,0,0
엔도르시,57,0,0,7,28,14,155,79,0,0,34,6,27,0,11,27,1,5,1
윌스,50,0,0,5,13,9,48,75,0,0,13,6,9,0,12,9,0,0,0
죽빵,18,0,0,5,14,3,65,84,0,0,16,3,2,0,0,2,0,5,0
면봉,9,0,0,11,8,11,46,89,0,0,25,10,1,0,2,1,2,0,0
앙봉철띠,33,0,0,13,14,22,87,71,0,0,34,11,10,2,6,10,2,0,0
박지훈,15,0,0,5,7,72,94,41,0,0,10,16,6,2,4,6,1,0,0
Loveliness,7,0,0,3,5,12,75,58,0,0,21,10,12,0,2,12,0,0,1
비월,3,0,0,4,7,21,63,65,0,0,8,1,5,1,4,5,0,5,0
혼신의허리,32,0,0,17,5,25,215,90,0,0,17,10,24,10,9,24,3,0,1
예수,21,0,0,4,14,27,78,76,0,0,4,6,5,0,1,5,0,4,0
S흑운,37,0,0,15,6,17,110,140,0,0,28,9,8,0,4,8,2,0,0
겸댕민슈,38,0,0,14,12,11,102,95,0,0,24,12,10,5,13,10,4,4,0
검유화,22,0,0,7,12,21,72,34,0,0,11,21,11,0,10,11,0,5,1
해밀,69,0,0,4,26,8,9,48,0,0,20,9,7,0,8,7,0,0,0
국산벌꿀,7,0,0,8,6,1,24,75,0,0,5,3,0,0,1,0,2,0,0
저격과장,12,0,0,4,14,92,53,36,0,0,16,9,5,0,7,5,0,0,0
옐로우,2,1,0,2,8,18,43,65,0,0,13,0,0,3,0,0,0,5,0
인생은그런것,19,0,0,3,13,1,71,109,0,0,36,6,3,1,3,3,0,5,0
조경훈,47,0,0,4,12,3,50,26,0,0,21,4,2,1,10,2,0,0,0
나에루,16,0,0,4,12,4,74,59,0,0,20,5,1,6,0,1,1,5,0
파란코인,10,0,0,3,12,31,90,63,0,0,6,16,23,2,0,23,0,5,0
충교수,4,0,0,4,9,31,94,43,0,0,27,10,9,0,0,9,0,5,0
오금동캡틴,20,0,0,10,15,12,90,74,0,0,16,14,0,1,1,0,0,0,0
공자,13,0,0,13,8,14,90,61,0,0,10,7,8,0,2,8,2,5,0
아로크,11,0,0,6,15,3,69,101,0,0,8,6,0,0,4,0,0,5,0
방배,14,0,0,7,10,35,90,69,0,0,14,7,12,3,0,12,0,4,1
국보,21,0,0,5,11,1,76,52,0,0,21,13,28,1,0,28,0,5,0
시민a,39,0,0,4,16,5,87,74,0,0,14,8,0,0,5,0,0,5,0
시름시름,13,0,0,5,7,2,11,112,0,0,9,7,0,0,0,0,0,0,0
리오닝,15,0,0,6,14,42,97,75,0,0,3,4,10,2,0,10,1,0,1
알라야,15,0,0,4,13,24,63,97,0,0,3,6,4,4,1,4,1,0,0
아벼벼,27,0,0,2,28,42,8,168,0,0,51,3,0,0,3,0,0,5,1
한글은열두자까지입력가능,14,0,0,4,11,9,42,126,0,0,37,9,2,0,0,2,1,5,0
JD,12,0,0,3,5,4,15,66,0,0,20,7,2,0,4,2,0,5,0
미오,24,0,0,3,17,5,64,63,0,0,7,7,0,0,0,0,1,5,1
여기가어디오,22,0,0,5,16,3,79,28,0,0,26,4,0,1,4,0,0,0,0
좍솰놘돠쑴탱,15,0,0,11,10,8,20,110,0,0,14,4,5,0,0,5,3,4,0
환2지0,70,0,0,10,9,22,51,37,0,0,14,12,1,1,2,1,2,0,0
영or,36,0,0,5,23,39,54,70,0,0,11,6,0,2,7,0,0,0,1
죄송,7,0,0,4,12,5,60,128,0,0,48,4,1,0,4,1,1,4,0
외쳐갓할배,16,0,0,5,15,5,43,144,0,0,32,13,4,0,0,4,0,1,0
헬할아브,9,0,0,12,12,22,78,71,0,0,14,5,0,1,0,0,2,0,0
마오,10,0,0,4,5,43,85,41,0,0,11,9,3,1,1,3,0,5,1
까망우유,27,0,0,6,11,13,44,83,0,0,15,14,15,0,4,15,0,0,0
민민아빠,12,0,0,4,10,10,57,56,0,0,16,11,0,3,0,0,1,0,0
rain7,47,0,0,9,6,39,2,95,0,0,11,9,0,0,2,0,2,5,0
하늘늑대,18,0,0,4,15,4,101,34,0,0,27,8,5,0,3,5,0,0,0
순식간에,5,0,0,4,21,1,115,56,0,0,4,10,28,0,4,28,0,5,0
ECLUV,8,0,0,10,13,12,64,69,0,0,10,8,1,0,1,1,1,0,0
토마스는없다,31,0,0,3,26,10,2,98,0,0,36,6,4,0,1,4,0,5,0
덜덜덜,25,0,0,3,28,34,45,105,0,0,26,6,20,1,10,20,0,5,0
sne,23,0,0,5,15,10,94,56,0,0,4,13,1,0,1,1,0,5,0
INULA,15,0,0,6,8,62,67,104,0,0,11,12,2,2,1,2,1,0,0
허스키,27,0,0,3,16,0,37,116,0,0,45,6,0,1,2,0,0,5,0
찡구,4,0,0,6,7,25,81,30,0,0,11,6,0,0,5,0,0,5,0
벌레여왕성대리,31,0,0,4,13,30,100,42,0,0,9,9,4,0,11,4,0,1,0
루실리스,18,0,0,6,9,47,103,38,0,0,26,11,0,4,2,0,0,0,0
문도리,34,0,0,11,11,12,41,87,0,0,17,3,1,1,2,1,1,0,0
시노자키,41,0,0,4,22,27,59,41,0,0,8,4,0,2,0,0,1,0,0
일주일,15,0,0,12,10,27,71,71,0,0,11,7,1,1,1,1,2,0,1
이름이다중복,10,0,0,6,15,81,38,101,0,0,8,7,12,1,3,12,1,5,0
오니오니,21,0,0,4,6,31,9,58,0,0,23,3,57,2,0,57,0,0,0
할아브짱무라,9,0,0,8,11,34,135,46,0,0,12,7,0,1,0,0,0,0,0
루노,14,0,0,5,18,13,89,37,0,0,31,5,6,0,2,6,0,5,0
사랑의소녀,57,0,0,8,18,96,64,138,0,0,22,7,10,3,12,10,1,5,0
성머리,30,0,0,3,12,8,57,52,0,0,28,4,0,0,3,0,0,0,0
토모모,45,0,0,9,16,5,7,59,0,0,12,7,0,0,11,0,2,0,0
저격수,22,0,0,5,11,8,115,84,0,0,24,4,32,1,6,32,0,5,0
니냐녀,14,0,0,4,15,7,57,74,0,0,4,20,3,0,0,3,0,0,0
할아브,31,0,0,3,26,1,7,187,0,0,11,1,1,0,0,1,0,0,0
화륜,16,0,0,7,13,8,39,92,0,0,14,0,15,0,5,15,1,0,1
듬듬,23,0,0,4,16,35,47,150,0,0,32,11,15,1,4,15,1,5,1
으c으,8,0,0,4,7,44,83,52,0,0,6,3,0,0,0,0,0,4,0
기림,12,0,0,4,9,31,31,75,0,0,7,6,3,0,2,3,0,0,0
파파,6,0,0,4,8,10,56,93,0,0,8,12,39,0,0,39,1,0,1
fahrenheit,24,0,0,3,10,6,20,87,0,0,17,12,39,2,2,39,0,5,0
크으르으릉,12,0,0,13,13,3,105,104,0,0,18,11,19,2,0,19,2,0,0
떨기,14,0,0,13,10,16,54,147,0,0,6,6,4,0,0,4,2,0,0
김닉스,14,0,0,10,11,7,250,36,0,0,51,86,9,2,25,9,0,5,1
이게벌레야저그야,14,0,0,7,12,17,33,104,0,0,27,3,21,0,5,21,0,5,0
h헤드커터z,8,0,0,14,5,4,110,79,0,0,12,6,23,1,0,23,1,0,0
센조이,25,0,0,18,10,14,261,70,0,0,32,20,13,8,9,13,8,2,1
타카,7,0,0,4,8,1,2,216,0,0,2,5,0,0,3,0,0,0,0
몽블랑,18,0,0,6,23,2,87,92,0,0,40,11,0,1,0,0,0,5,0
노갱,32,0,0,5,20,53,122,69,0,0,28,14,5,2,3,5,0,5,0
리버킹,38,0,0,4,19,42,65,97,0,0,52,24,2,4,3,2,0,5,0
회색용,17,0,0,12,8,30,69,69,0,0,9,13,0,2,0,0,2,0,0
서세이,24,0,0,3,20,29,2,61,0,0,3,5,0,0,6,0,0,0,0
아오키,20,0,0,7,14,25,104,55,0,0,14,14,2,5,2,2,2,0,0
에르,3,0,0,8,9,5,55,113,0,0,4,2,12,3,0,12,1,0,0
욱차이,41,0,0,5,9,25,92,42,0,0,32,27,10,4,14,10,0,5,1
귀요미세지,9,0,0,4,21,7,81,43,0,0,9,4,0,0,2,0,0,0,0
아이이이이,5,0,0,5,17,38,75,93,0,0,20,6,61,0,3,61,0,4,1
규3,50,0,0,4,17,13,64,58,0,0,28,8,0,0,7,0,0,0,0
호잇호잇뿡뿡,28,0,0,4,7,10,81,49,0,0,16,13,0,0,1,0,0,5,0
반달,18,0,0,3,20,7,62,61,0,0,8,9,6,0,4,6,0,5,0
덕천큰형님,18,0,0,9,7,16,58,57,0,0,11,14,26,1,3,26,0,0,0
복슬강아지,17,0,0,4,17,3,53,68,0,0,16,6,0,3,2,0,2,0,0
사나없이사나마나,18,0,0,9,9,13,76,59,0,0,31,9,14,4,1,14,2,5,0
나이,9,0,0,10,9,2,58,129,0,0,5,8,0,0,0,0,0,0,0
몰캉,12,0,0,5,16,1,25,145,0,0,16,4,3,1,0,3,0,0,0
룬아,13,0,0,3,12,53,59,48,0,0,18,16,14,0,4,14,2,1,1
참새W,20,0,0,5,19,8,4,81,0,0,11,6,8,1,0,8,0,0,0
힐던,21,0,0,4,14,22,6,79,0,0,9,7,5,0,2,5,0,0,0
개미지옥,21,0,0,8,16,49,122,72,0,0,10,6,11,1,4,11,0,5,0
내가문제였네,28,0,0,7,12,58,95,56,0,0,10,23,2,8,10,2,2,5,1
그린티라떼,21,0,0,12,14,9,38,107,0,0,8,8,1,0,0,1,2,0,0
하수스,29,0,0,5,8,7,2,76,0,0,4,8,0,0,1,0,0,0,0
익페피,51,0,0,13,25,37,143,80,0,0,43,8,1,1,6,1,2,5,0
진과장,29,0,0,4,5,5,65,45,0,0,5,6,0,0,1,0,1,5,0
불멸,20,0,0,3,21,15,58,66,0,0,12,1,0,0,0,0,1,0,0
최지환,15,0,0,12,13,20,71,100,0,0,26,9,0,0,8,0,1,0,0
구루탄,22,0,0,11,19,11,53,76,0,0,8,7,9,0,9,9,1,0,0
쥬엔,11,0,0,7,8,4,42,80,0,0,4,7,0,0,0,0,0,0,0
여왕,31,0,0,2,31,1,57,31,0,0,3,6,3,1,2,3,0,5,0
등긁어줘,20,0,0,11,14,15,21,120,0,0,12,0,1,0,0,1,2,0,0
나라,23,0,0,2,9,34,40,25,0,0,4,1,0,3,0,0,1,3,0
호론티,20,0,0,8,7,4,7,47,0,0,33,5,11,3,4,11,4,4,0
이재용,0,0,0,12,13,24,64,81,0,0,25,11,1,0,0,1,2,0,0
클린스만,15,0,0,9,19,49,79,178,0,0,20,11,6,0,2,6,0,5,0
퀸성대리,31,0,0,4,22,23,34,75,0,0,6,15,24,0,4,24,0,5,0
지나니,13,0,0,4,7,12,25,86,0,0,1,2,27,0,11,27,0,0,0
전정국,18,0,0,3,9,54,57,48,0,0,5,2,17,0,3,17,0,0,0
SN고슬고슬,2,0,0,3,7,2,17,88,0,0,14,7,1,4,0,1,1,0,0
하이브o,11,0,0,4,24,3,2,209,0,0,3,7,0,0,2,0,1,5,0
프론티어,22,0,0,12,13,19,41,100,0,0,4,8,14,0,6,14,2,0,1
야채와채소,42,4,0,6,23,84,66,158,0,0,14,7,0,6,10,0,1,5,1
빵일재,23,0,0,3,9,30,33,111,0,0,37,14,2,3,0,2,0,0,0
대중,2,0,0,4,20,42,44,131,0,0,21,6,1,0,5,1,0,5,1
빵열,12,0,0,10,5,30,56,91,0,0,21,6,14,1,1,14,2,0,0
카누,33,0,0,5,7,6,47,54,0,0,9,7,21,0,1,21,1,5,1
취돌이,15,0,0,3,17,0,96,56,0,0,2,7,0,0,0,0,0,5,0
배고프미,7,0,0,11,8,6,76,43,0,0,12,10,36,0,3,36,2,0,0
쌈개,13,0,0,4,10,25,113,76,0,0,21,0,3,0,14,3,0,0,0
감자가마왕,39,0,0,2,8,3,19,48,0,0,30,10,2,3,3,2,1,0,0
다스는누구껍니까,13,0,0,11,14,6,111,67,0,0,9,6,0,3,2,0,2,0,0
여어오태식이,18,0,0,9,11,29,9,67,0,0,14,6,16,2,4,16,2,0,0
권과장,9,0,0,4,8,37,32,74,0,0,18,17,5,0,1,5,0,4,0
바람처럼,21,0,0,4,18,43,76,73,0,0,18,4,39,0,4,39,0,0,0
도아,17,0,0,11,9,24,80,110,0,0,10,2,11,6,1,11,3,0,0
청계동,19,0,0,5,10,10,29,95,0,0,23,8,31,1,3,31,1,5,0
도깨비빤쮸,10,0,0,4,15,6,88,86,0,0,32,6,0,0,0,0,0,5,0
개장수되고픔,72,0,0,3,38,35,7,16,0,0,16,5,3,0,2,3,0,4,1
듀플렉서,19,0,0,3,18,1,8,89,0,0,16,3,21,0,1,21,0,0,0
아케,43,0,0,4,4,4,68,14,0,0,8,27,0,0,2,0,1,0,1
hamster,11,0,0,3,13,14,49,68,0,0,6,10,17,1,0,17,0,0,0
효르띠,19,0,0,11,12,23,10,118,0,0,20,14,19,2,10,19,2,5,0
MADJK,44,0,0,3,12,17,7,99,0,0,5,3,81,0,2,81,0,0,0
비각,0,0,0,2,9,2,43,83,0,0,13,1,6,0,1,6,1,0,0
수녀,23,0,0,4,11,36,37,198,0,0,32,6,16,6,3,16,1,5,0
루브,10,0,0,7,8,12,73,82,0,0,16,5,6,2,0,6,1,4,0
장올라,24,0,0,6,7,40,53,68,0,0,14,10,35,0,11,35,1,5,0
랑랑,27,0,0,2,8,30,56,44,0,0,14,1,0,5,1,0,0,4,0
성녀,39,0,0,5,13,14,79,47,0,0,39,8,3,0,4,3,0,0,1
대못과오함마,30,0,0,5,9,23,75,60,0,0,8,5,0,0,0,0,0,0,0
사이탄하지로,6,0,0,5,8,2,119,85,0,0,36,10,17,1,7,17,1,5,1
백두대간블루베리,15,0,0,6,10,1,2,127,0,0,3,5,0,0,0,0,1,0,0
달래,14,0,0,4,10,2,92,80,0,0,21,6,0,1,2,0,0,5,0
HaHa80,38,0,0,8,14,18,49,88,0,0,12,13,27,2,0,27,0,0,0
운치,17,0,0,2,13,22,36,67,0,0,13,21,42,0,7,42,1,5,0
망둥,24,0,0,4,12,29,4,113,0,0,6,1,4,0,0,4,0,4,0
KR하운드,8,0,0,3,24,12,117,31,0,0,20,6,13,0,1,13,0,0,0
손혜진,17,0,0,6,17,32,22,136,0,0,2,2,84,2,10,84,0,0,1
나이뽀,16,0,0,4,11,6,50,108,0,0,12,8,21,3,1,21,0,5,0
공하랑,28,0,0,5,11,18,44,80,0,0,14,9,0,1,7,0,0,5,1
태양초고추장,14,0,0,8,14,30,36,91,0,0,4,5,1,2,0,1,1,0,0
물의요정삼다수,47,0,0,2,24,7,61,45,0,0,24,6,5,8,3,5,3,5,1
himm,11,0,0,2,9,34,0,40,0,0,25,9,19,2,6,19,1,5,1
DEMONKEY,39,0,0,7,5,2,32,56,0,0,27,7,0,0,0,0,0,0,0
고유,37,0,0,6,23,73,0,160,0,0,21,17,0,2,0,0,1,5,0
are,35,0,0,10,4,22,45,65,0,0,14,4,16,1,4,16,3,0,1
쪼즈,21,0,0,5,8,26,101,35,0,0,12,6,9,0,3,9,0,5,0
항정살,18,0,0,3,31,27,61,38,0,0,5,3,0,4,1,0,1,0,0
나쿤,22,0,0,4,15,8,27,96,0,0,23,0,20,1,3,20,0,0,0
어르신,2,0,0,4,14,11,25,205,0,0,25,5,8,2,6,8,1,5,1
만렙신,25,0,0,10,8,22,49,33,0,0,15,8,0,5,3,0,4,4,0
페로나,3,0,0,5,13,9,38,86,0,0,7,6,0,4,0,0,1,5,0
올챙이,10,0,0,4,15,29,96,48,0,0,14,6,8,0,4,8,0,0,0
진의후예,10,0,0,4,9,3,43,85,0,0,6,6,3,0,0,3,0,0,0
지배,20,0,0,10,8,14,16,89,0,0,12,4,35,2,2,35,2,0,0
모젤,12,0,0,3,7,1,47,174,0,0,10,3,6,0,0,6,0,0,0
치즈덮친생쥐,10,0,0,11,5,11,33,94,0,0,3,4,7,0,0,7,2,0,0
파밀,17,0,0,7,8,65,18,89,0,0,8,3,24,1,0,24,0,4,0
막판,35,0,0,11,14,25,27,89,0,0,30,9,0,1,2,0,2,4,0
마라탕,32,0,0,9,5,16,118,42,0,0,5,6,1,1,3,1,0,0,0
모찌,6,0,0,4,14,57,84,78,0,0,23,11,9,4,3,9,1,0,1
지크프리드,3,0,0,10,23,34,48,60,0,0,6,6,5,5,1,5,3,0,0
재미진,17,0,0,13,8,3,77,66,0,0,39,8,13,5,5,13,3,4,1
체이스,1,0,0,5,11,51,97,63,0,0,6,9,13,1,0,13,0,0,0
호잉이,9,0,0,7,22,22,37,58,0,0,26,7,19,2,3,19,2,5,0
머토,29,0,0,5,8,9,49,85,0,0,23,6,0,2,6,0,1,0,0
회장,34,0,0,3,29,22,99,72,0,0,45,12,8,0,2,8,0,5,0
마그테리돈,11,0,0,4,17,17,128,46,0,0,14,5,18,1,1,18,1,0,1
맹구,17,0,0,2,4,49,26,54,0,0,29,5,14,2,0,14,2,0,0
세리크나,55,0,0,4,20,25,46,114,0,0,106,3,3,0,2,3,0,5,1
포주,15,0,0,10,6,37,37,118,0,0,10,3,33,2,2,33,1,0,1
닥터지,35,0,0,6,10,30,33,116,0,0,12,18,8,0,4,8,0,5,0
뀨리,49,0,0,8,6,26,0,107,0,0,7,4,9,0,2,9,2,0,0
newshot,12,0,0,4,7,1,2,120,0,0,7,5,2,0,4,2,0,5,0
크리즈실버,12,0,0,12,5,8,60,70,0,0,7,0,3,0,2,3,3,5,0
유스나,40,0,0,4,24,2,27,140,0,0,19,5,0,0,2,0,0,5,0
Haibe,11,0,0,4,9,36,93,78,0,0,26,5,0,0,0,0,0,0,0
진도,0,0,0,5,19,5,22,158,0,0,15,3,5,0,5,5,1,5,0
뚠뚠개미,13,0,0,4,17,11,63,49,0,0,16,3,0,1,10,0,1,0,0
방관자,2,0,0,5,20,4,83,70,0,0,24,11,0,2,0,0,0,5,0
목요일의연인,0,0,0,11,22,2,55,102,0,0,13,5,0,0,0,0,2,0,0
레몬에이드,16,0,0,8,9,18,159,109,0,0,17,4,6,0,2,6,0,5,0
우희,16,0,0,4,21,1,46,57,0,0,13,5,2,1,0,2,0,5,0
방구쟁이뿡뿡,1,0,0,8,26,3,39,129,0,0,8,0,0,0,7,0,1,0,0
벅스,39,0,0,7,7,1,10,94,0,0,19,5,8,1,1,8,2,0,0
붕어,78,0,0,5,13,52,0,93,0,0,9,22,45,0,11,45,1,3,1
은짱,8,0,0,3,8,1,70,68,0,0,18,6,0,0,0,0,0,5,0
악의,24,0,0,8,19,19,107,23,0,0,20,8,0,0,1,0,0,5,0
세라프,9,0,0,6,9,6,2,123,0,0,20,5,0,2,1,0,0,5,0
생존자2,38,0,0,6,21,74,110,83,0,0,33,11,24,0,11,24,0,5,0
면발이쫄깃,36,0,0,9,16,3,68,142,0,0,47,3,1,8,8,1,4,5,0
카스퍼스키,44,0,0,3,17,8,53,55,0,0,9,5,0,0,2,0,1,0,0
6시내고1환,29,0,0,10,11,9,42,55,0,0,15,6,1,1,1,1,1,4,0
아서코난,26,0,0,3,11,3,61,63,0,0,24,15,2,0,2,2,0,0,0
스윙스,45,0,0,9,15,13,0,109,0,0,5,0,38,1,3,38,2,0,0
푸르른자유,21,0,0,2,11,10,8,75,0,0,30,8,0,1,2,0,0,5,0
하얀야수,11,0,0,5,12,12,2,116,0,0,11,5,0,0,0,0,0,0,0
백골,7,0,0,4,9,77,70,92,0,0,16,4,2,2,0,2,1,5,0
백룡,16,0,0,3,11,41,72,27,0,0,16,3,2,0,3,2,0,0,0
철이,23,0,0,3,8,3,9,141,0,0,6,3,15,0,5,15,0,5,1
동랑,32,0,0,10,18,31,48,44,0,0,21,10,3,0,4,3,2,4,0
멍이,1,0,0,4,9,20,11,73,0,0,6,5,17,0,0,17,1,0,0
그림,14,0,0,3,9,36,19,88,0,0,4,8,15,0,0,15,0,0,0
세빌리야,17,0,0,7,10,10,70,31,0,0,16,15,0,0,2,0,1,0,0
쑤우,20,0,0,12,6,23,76,70,0,0,20,8,9,0,1,9,1,0,0
KR하이브,21,0,0,3,14,3,9,120,0,0,17,10,1,0,0,1,1,0,0
PigManDoo,12,0,0,4,19,24,76,109,0,0,58,3,3,0,0,3,0,5,0
tliton,35,0,0,3,29,6,25,38,0,0,29,6,2,0,0,2,0,5,1
전장용병,26,0,0,3,16,7,70,40,0,0,15,9,0,4,1,0,1,5,0
소머리중,20,0,0,3,10,30,131,52,0,0,26,2,0,2,0,0,0,5,0
보스턴테리어,32,0,0,7,7,26,16,41,0,0,7,5,1,2,3,1,0,0,0
맛악,4,0,0,7,26,1,58,162,0,0,22,5,5,0,10,5,1,0,0
야이아이,14,0,0,3,13,74,2,76,0,0,5,3,1,1,4,1,0,5,0
관리귀찮다,12,0,0,3,24,12,48,84,0,0,3,1,2,1,3,2,0,0,0
할로,12,0,0,8,15,6,6,172,0,0,4,4,83,4,2,83,1,0,1
레몬트리,9,0,0,8,4,9,70,111,0,0,6,10,0,0,2,0,2,5,0
하이브라하이브라,19,0,0,4,15,22,82,61,0,0,38,7,9,0,7,9,0,5,0
밍쥬,13,0,0,8,7,29,97,54,0,0,9,9,8,1,6,8,0,5,0
크헝,0,0,0,11,9,17,20,113,0,0,7,9,14,0,1,14,1,0,0
과장이은성,9,0,0,2,12,20,4,87,0,0,32,6,22,2,3,22,1,5,0
워니워니,23,0,0,6,19,22,38,52,0,0,9,17,6,0,10,6,0,0,0
사형,38,0,0,3,44,7,14,123,0,0,80,4,2,0,2,2,0,5,0
bugar3,0,0,0,7,7,8,92,247,0,0,16,3,39,0,1,39,1,4,0
비사이로막가,10,0,0,11,7,38,18,120,0,0,6,6,58,2,1,58,2,0,0
가우디,16,0,0,4,5,17,17,64,0,0,27,0,0,0,7,0,0,5,0
astlove,22,0,0,5,9,11,77,91,0,0,18,6,0,0,1,0,0,0,0
크리스님,12,0,0,3,13,7,32,97,0,0,14,5,35,1,2,35,1,5,0
백주,7,0,0,8,13,44,77,77,0,0,10,6,68,0,6,68,0,0,0
수컷의노력,9,0,0,6,6,33,68,84,0,0,14,5,5,2,17,5,0,0,0
Zip,4,0,0,5,10,22,93,51,0,0,41,6,0,3,0,0,0,0,0
도깨비빤스,41,0,0,4,11,1,6,97,0,0,14,3,1,0,1,1,0,1,0
노농,14,0,0,11,6,17,36,81,0,0,8,11,1,1,0,1,1,0,0
우리함께약국,9,0,0,4,10,10,76,81,0,0,10,7,20,0,9,20,0,0,0
와쿠대장,0,0,0,7,16,17,184,47,0,0,21,3,23,2,2,23,1,0,0
답이,10,0,0,5,22,22,2,149,0,0,3,3,27,0,1,27,0,0,0
니들,37,0,0,10,9,8,163,43,0,0,33,15,3,1,13,3,2,0,1
대수,7,0,0,4,29,30,6,144,0,0,13,6,0,3,1,0,1,5,0
대현,20,0,0,3,19,11,27,77,0,0,14,4,1,4,0,1,1,0,0
영치리,21,0,0,3,19,2,83,83,0,0,3,6,15,1,0,15,0,5,0
2Pac,34,0,0,7,18,33,71,37,0,0,30,16,15,1,1,15,0,0,0
잉구,52,0,0,6,12,12,97,91,0,0,17,12,11,0,1,11,1,5,0
특공맨,12,0,0,4,18,6,43,74,0,0,2,1,0,0,0,0,0,0,0
사발면킹콩,40,0,0,4,8,40,86,55,0,0,24,11,0,10,10,0,2,5,1
동포,29,0,0,12,15,18,62,82,0,0,12,11,1,1,1,1,3,0,0
척사광,29,0,0,4,35,61,59,57,0,0,24,12,21,0,8,21,0,0,0
개마무사,12,0,0,4,10,6,78,78,0,0,28,6,28,1,0,28,2,0,0
토루크막토,35,0,0,5,16,2,16,89,0,0,14,5,2,2,4,2,1,5,0
PaDak,22,0,0,5,10,2,89,58,0,0,22,7,5,0,1,5,0,5,0
아유즈스타,22,0,0,6,10,65,85,43,0,0,24,15,2,0,10,2,0,0,0
쭈야,30,0,0,6,7,33,107,56,0,0,26,5,12,2,4,12,1,5,0
캡틴야옹이,6,0,0,4,6,11,92,57,0,0,25,4,1,1,8,1,1,0,1
삶이란,19,0,0,6,10,44,25,159,0,0,5,5,1,0,4,1,0,5,0
개똥형,18,0,0,4,22,35,29,89,0,0,5,7,25,4,6,25,1,0,1
KIM차장,49,0,0,4,30,17,16,73,0,0,5,5,24,0,1,24,1,0,0
피곤,13,0,0,7,9,16,101,81,0,0,4,14,31,3,0,31,0,5,0
성지은과영감,41,0,0,6,14,8,23,94,0,0,18,4,15,1,1,15,1,5,1
초롱이,12,0,0,6,25,8,70,86,0,0,10,7,12,0,3,12,2,5,0
kaze,24,0,0,5,11,6,64,72,0,0,24,5,0,3,1,0,1,0,0
빌런,11,0,0,8,13,4,133,42,0,0,14,19,14,0,10,14,0,0,1
원찬나라,33,0,0,3,6,4,2,81,0,0,5,4,0,0,0,0,0,0,0
라시드,12,0,0,5,5,8,55,98,0,0,8,7,2,0,0,2,0,0,0
빙빙,45,0,0,2,14,18,0,39,0,0,7,5,7,1,4,7,1,2,0
흐어허어어어허엉,44,0,0,7,14,10,9,64,0,0,29,18,22,1,6,22,3,0,1
제로미,40,0,0,6,14,47,84,115,0,0,19,19,77,0,12,77,0,0,0
끊임없이,16,0,0,6,19,12,21,63,0,0,15,4,9,0,2,9,0,0,0
지반장,11,0,0,5,5,17,0,90,0,0,24,14,0,0,1,0,0,0,0
rakeny,8,0,0,10,6,18,52,80,0,0,22,8,1,0,3,1,2,0,0
노마,17,0,0,9,4,35,101,57,0,0,7,15,35,2,19,35,0,0,0
골든쿠크리,11,0,0,10,15,10,41,60,0,0,6,6,0,0,1,0,2,0,0
에그시,3,0,0,5,6,28,113,71,0,0,9,1,12,3,4,12,1,0,1
SN꼬들더하기,23,0,0,4,31,3,104,127,0,0,15,4,16,1,1,16,0,5,0
써니써니,6,0,0,4,7,21,100,63,0,0,7,1,17,0,10,17,0,0,1
보아핸콕,26,0,0,3,8,18,34,62,0,0,10,4,3,1,0,3,0,5,0
오늘밤,20,0,0,5,12,3,97,71,0,0,15,5,0,0,1,0,2,0,0
Lylith,5,0,0,4,23,28,89,53,0,0,15,19,21,3,0,21,1,0,0
디엘,21,0,0,4,12,39,68,44,0,0,12,7,8,0,9,8,0,0,0
이쿠링,27,0,0,2,22,3,71,44,0,0,42,11,2,0,0,2,0,5,0
라쳔이,6,0,0,9,13,16,64,65,0,0,16,3,21,2,22,21,1,0,0
주인님,29,0,0,7,12,26,27,88,0,0,26,3,43,1,14,43,1,0,0
범은성,6,0,0,11,10,26,62,62,0,0,8,6,2,0,4,2,2,0,0
가로수그늘,14,0,0,4,13,3,44,40,0,0,30,1,13,3,3,13,0,1,0
막쏴,20,0,0,11,8,35,56,42,0,0,23,14,1,2,1,1,2,5,0
개대장,70,0,0,8,8,53,0,63,0,0,9,4,17,0,5,17,2,1,0
혀노,23,0,0,4,15,36,99,33,0,0,49,9,4,2,13,4,0,5,0
엘도프,17,0,0,3,16,31,61,61,0,0,25,16,0,1,3,0,0,5,0
마무스,0,0,0,5,7,3,39,119,0,0,29,13,1,1,0,1,0,0,0
소심한범,17,0,0,4,17,43,48,51,0,0,23,13,3,8,4,3,4,4,1
이그드라,42,0,0,6,14,63,74,98,0,0,28,10,8,4,10,8,1,5,0
사요,3,0,0,5,16,40,70,54,0,0,15,12,24,3,0,24,0,5,0
DAM,10,0,0,7,11,45,96,78,0,0,13,4,23,1,0,23,1,0,0
살루만,13,0,0,3,7,26,2,97,0,0,0,3,10,0,0,10,1,5,0
정룡,10,0,0,5,15,10,27,87,0,0,4,6,4,1,4,4,0,0,0
명랑태랑,33,0,0,2,8,9,4,61,0,0,13,6,4,0,1,4,0,5,0
푸들,5,0,0,3,21,1,87,46,0,0,37,5,2,0,2,2,0,0,0
이등병,10,0,0,4,20,12,22,119,0,0,34,4,0,0,4,0,1,0,0
노아르미,13,0,0,3,24,16,63,45,0,0,26,9,1,0,0,1,1,0,1
윈터스,22,0,0,7,9,47,11,114,0,0,9,11,27,0,5,27,0,0,0
이주임,0,0,0,9,7,17,4,135,0,0,2,8,0,3,0,0,1,0,0
채월야,16,0,0,3,10,12,84,49,0,0,64,6,25,0,3,25,0,5,0
인생의허들,12,0,0,4,7,6,18,152,0,0,19,6,3,1,4,3,1,0,0
유대표,16,0,0,3,13,4,83,51,0,0,16,5,0,1,0,0,1,0,0
태이꾸,11,0,0,7,8,36,90,145,0,0,6,5,14,0,2,14,0,0,0
맛난붕어,7,0,0,5,9,38,4,71,0,0,16,10,0,0,0,0,2,0,0
짜짱,16,0,0,5,13,12,12,139,0,0,9,1,11,0,1,11,1,0,0
Maxpain,28,0,0,3,11,5,46,80,0,0,36,4,2,1,3,2,0,4,0
soodal,7,0,0,6,12,56,0,147,0,0,4,0,0,8,0,0,2,5,0
킴루루,26,0,0,7,7,39,68,40,0,0,10,8,10,2,5,10,0,0,0
뷰익,0,0,0,3,16,7,60,78,0,0,10,4,0,3,0,0,1,5,0
TaBi,36,0,0,9,8,19,32,100,0,0,21,5,30,1,10,30,0,0,1
츠리,26,0,0,6,22,45,87,58,0,0,10,8,0,0,1,0,0,5,0
무스탕친구,5,0,0,4,16,8,40,141,0,0,7,5,2,1,6,2,0,5,0
뇌동,20,0,0,5,9,32,68,74,0,0,8,10,0,4,2,0,2,5,0
벌집피자,30,0,0,5,16,34,3,63,0,0,16,5,0,1,3,0,1,4,0
이부장,5,0,0,4,8,0,16,116,0,0,15,0,4,1,5,4,0,0,1
수원,22,0,0,7,38,40,156,457,0,0,104,10,8,0,25,8,1,5,1
미스터K,28,0,0,7,18,16,45,105,0,0,10,6,2,2,0,2,0,0,0
밥아저씨,21,0,0,8,18,3,45,94,0,0,9,6,0,0,0,0,1,0,0
UDT,20,0,0,9,11,27,69,73,0,0,25,21,14,2,7,14,2,4,1
첫하이브,29,0,0,9,14,16,36,104,0,0,19,0,13,0,6,13,2,0,0
진지향,17,0,0,10,10,3,10,80,0,0,15,9,8,0,2,8,2,0,0
양양이,24,0,0,6,8,56,96,37,0,0,11,9,5,2,1,5,0,0,0
파프리카맛,45,0,0,6,16,9,63,78,0,0,23,11,4,0,3,4,0,1,0
유월,40,0,0,4,7,6,66,58,0,0,33,3,1,1,0,1,0,4,1
NIDS,16,0,0,6,6,6,73,126,0,0,16,8,2,0,2,2,0,0,1
갇할배,11,0,0,4,9,22,63,75,0,0,17,11,0,0,5,0,0,0,0
맨들맨들,27,0,0,4,25,36,67,112,0,0,45,7,15,1,4,15,1,5,1
베이디가가,19,0,0,7,13,36,124,97,0,0,6,11,3,0,2,3,0,5,0
맥딜,29,0,0,4,22,60,109,28,0,0,21,10,1,0,11,1,0,5,1
티티티,6,0,0,6,10,12,70,54,0,0,15,7,0,3,0,0,1,0,0
THEODORE,29,0,0,10,3,7,55,65,0,0,24,8,28,0,5,28,2,0,1
제롬,15,0,0,5,7,14,162,47,0,0,14,6,26,0,11,26,1,0,1
류미스,13,0,0,3,12,9,49,80,0,0,8,17,0,1,0,0,0,0,0
후냥이,39,0,0,7,11,28,90,64,0,0,8,18,7,1,5,7,0,5,0
병앓이,6,0,0,4,9,24,46,58,0,0,3,3,4,4,0,4,0,5,0
환유,10,0,0,6,9,9,2,186,0,0,7,7,12,0,4,12,2,5,0
할아브짐,36,0,0,5,13,58,1,83,0,0,6,16,1,0,2,1,0,4,0
돌아온거지,11,0,0,2,7,21,49,67,0,0,8,5,15,0,2,15,0,5,0
패잔병,17,0,0,4,21,11,50,73,0,0,39,8,2,1,1,2,1,0,0
불조개,22,0,0,5,19,30,54,38,0,0,12,3,13,0,4,13,0,0,0
DarkRain,16,0,0,12,12,12,80,67,0,0,19,8,0,2,3,0,3,4,0
얌동,24,0,0,8,20,5,67,59,0,0,12,2,1,0,1,1,0,0,0
리무르0템페스트,23,0,0,10,14,5,48,88,0,0,10,3,0,0,1,0,2,0,0
강스패밀리,18,0,0,4,17,7,104,59,0,0,17,3,14,1,0,14,1,5,0
Destroyer,14,0,0,5,18,1,63,70,0,0,19,10,2,0,4,2,0,0,0
미니부장,16,0,0,4,30,1,108,47,0,0,6,5,8,0,0,8,0,0,0
진실의방,19,0,0,6,24,6,71,92,0,0,14,12,17,0,7,17,1,0,1
아리이리,14,0,0,6,13,13,42,77,0,0,13,4,3,1,3,3,0,0,1
피얀,12,0,0,5,9,4,89,98,0,0,10,11,5,0,1,5,1,5,0
다굴의진수,10,0,0,4,17,1,55,91,0,0,4,15,0,0,4,0,0,0,0
잔다루키,23,0,0,3,9,38,13,110,0,0,8,4,15,0,0,15,0,0,0
wnvci,12,0,0,14,13,17,108,52,0,0,7,7,0,0,8,0,2,0,0
에프킬라조,27,0,0,7,15,16,64,32,0,0,26,10,0,0,2,0,0,0,0
실화,9,0,0,6,25,8,159,21,0,0,8,6,8,0,6,8,1,5,1
아메리칸불독,22,0,0,2,8,0,38,80,0,0,21,0,15,0,5,15,0,5,0
메르시,16,0,0,4,15,6,89,65,0,0,75,6,2,0,4,2,0,5,0
퍼런,29,0,0,6,8,13,63,45,0,0,6,11,3,0,2,3,1,0,0
와그라노,10,0,0,11,12,2,43,61,0,0,7,6,0,0,0,0,2,0,0
지송,13,0,0,12,14,43,94,62,0,0,5,3,11,0,4,11,2,5,0
담배는마쎄이,24,0,0,8,6,20,93,47,0,0,13,14,6,12,3,6,1,5,1
망고바나나,19,0,0,2,11,7,96,21,0,0,35,2,3,1,1,3,0,5,1
레스타트,4,0,0,3,8,29,39,159,0,0,38,12,48,0,0,48,0,0,0
데빌세상,18,0,0,4,16,12,139,38,0,0,24,4,26,0,2,26,0,0,0
묠니르,21,0,0,13,5,106,68,137,0,0,15,17,20,3,11,20,2,0,0
Dailyc,12,0,0,3,10,24,127,75,0,0,13,3,22,1,0,22,1,5,0
Lastsong,11,0,0,2,11,1,79,41,0,0,40,14,3,1,2,3,0,0,1
KhanEric,24,0,0,5,9,4,10,89,0,0,52,12,22,1,3,22,1,4,0
에렌,10,0,0,3,8,3,106,41,0,0,24,2,2,0,1,2,0,5,0
심연식인,11,0,0,3,10,11,59,85,0,0,29,5,0,2,0,0,2,0,0
DORU,6,0,0,2,12,1,51,59,0,0,40,16,0,0,0,0,0,5,0
찬바람,15,0,0,2,18,9,0,76,0,0,36,14,0,0,4,0,0,5,1
쏭블리,38,0,0,6,16,153,38,91,0,0,10,2,14,0,18,14,1,3,1
바위치,23,0,0,4,20,1,19,100,0,0,16,4,14,3,0,14,1,0,0
Legion,58,0,0,3,10,13,71,164,0,0,38,15,2,3,10,2,1,5,1
바오야,35,0,0,2,12,17,94,47,0,0,19,5,0,0,0,0,0,5,1
사이버장군,7,0,0,2,3,11,32,59,0,0,14,5,1,0,1,1,0,5,1
AlphaDogma,3,0,0,2,6,5,15,82,0,0,40,5,3,3,0,3,1,0,0
충선생,12,0,0,11,3,7,20,89,0,0,7,3,2,0,0,2,1,0,0
푸른백구,0,0,0,2,15,1,4,129,0,0,38,4,4,0,7,4,1,5,1
kira,23,0,0,4,11,6,3,120,0,0,7,2,12,0,5,12,0,4,0
앙저의게임,8,0,0,3,10,15,93,83,0,0,12,8,27,1,0,27,1,0,0
피까츄,24,0,0,2,12,29,82,41,0,0,29,4,11,0,0,11,1,5,0
ABC,7,0,0,5,16,22,61,43,0,0,27,11,10,0,2,10,0,5,0
산바람,17,0,0,1,26,7,3,33,0,0,4,6,2,1,0,2,0,5,1
인천반달곰,31,0,0,2,16,26,45,92,0,0,11,11,0,0,0,0,1,0,0
유라,21,0,0,2,13,2,139,18,0,0,11,3,12,0,1,12,0,0,1
양곱창,28,0,0,2,9,24,35,140,0,0,28,5,3,0,8,3,0,5,1
조보아,18,0,0,5,6,6,126,84,0,0,17,3,1,0,1,1,1,0,0
오타다,0,0,0,4,17,4,140,50,0,0,16,7,12,0,3,12,0,0,0
kalliun,18,0,0,3,10,7,110,56,0,0,12,4,0,0,1,0,0,5,0
헤루카,16,0,0,3,12,10,47,72,0,0,16,14,0,0,1,0,0,4,0
꼬마귀신,39,0,0,2,11,6,2,61,0,0,37,12,7,0,2,7,0,5,0
그랜파,25,0,0,9,15,8,69,62,0,0,7,4,5,1,2,5,0,0,0
하가렌,29,0,0,2,13,4,120,56,0,0,37,7,4,1,3,4,0,5,0
같이살자,7,0,0,3,16,1,65,66,0,0,4,3,0,0,1,0,0,5,0
Min4In,12,0,0,4,9,0,75,145,0,0,29,4,8,2,4,8,2,5,0
윈디블루,0,0,0,4,15,10,4,77,0,0,3,4,2,0,0,2,0,5,0
아브라카타부라,29,0,0,4,16,33,84,81,0,0,24,16,29,0,4,29,0,5,0
권용진,23,0,0,3,9,11,24,140,0,0,53,7,2,4,6,2,4,5,1
갓할배님,29,0,0,1,23,16,67,55,0,0,22,3,0,0,0,0,1,5,0
크래쉬,19,0,0,3,12,6,89,47,0,0,26,4,0,4,4,0,0,5,0
184cm미만잡,7,0,0,4,9,27,88,44,0,0,12,6,17,1,0,17,1,5,0
할망,6,0,0,4,8,6,87,89,0,0,30,25,14,0,9,14,0,5,0
하푸야,24,0,0,2,15,6,52,23,0,0,34,11,17,0,3,17,1,5,0
황빡구,25,0,0,3,30,21,86,56,0,0,65,5,19,1,1,19,0,5,0
우수회원,70,0,0,3,17,7,65,39,0,0,35,7,0,0,11,0,0,5,0
골드핑거,27,0,0,5,16,15,81,60,0,0,23,8,3,0,2,3,0,0,0
양진슈,17,0,0,3,10,3,61,52,0,0,32,2,12,0,1,12,0,0,0
랄라,48,0,0,7,10,80,111,84,0,0,24,10,81,0,14,81,1,5,0
독기살수,13,0,0,6,11,43,60,103,0,0,11,4,11,2,0,11,0,0,0
아라차카,32,0,0,2,6,1,29,44,0,0,17,6,0,0,2,0,0,0,0
깨준이,12,0,0,5,15,8,114,106,0,0,8,10,3,0,2,3,1,5,0
manggo,17,0,0,7,8,22,134,44,0,0,14,5,0,0,2,0,0,5,0
광전사사령관,24,0,0,2,11,2,101,70,0,0,69,3,22,0,6,22,0,0,0
개성,22,0,0,2,33,3,21,101,0,0,48,7,0,0,0,0,0,5,0
파괴왕,28,0,0,3,21,5,2,89,0,0,46,8,8,0,0,8,2,5,0
릿카,15,0,0,4,9,4,55,97,0,0,8,6,0,4,0,0,0,0,0
봉봉이,13,0,0,3,13,35,144,48,0,0,14,6,1,0,2,1,1,0,0
원샷원,3,0,0,6,4,4,5,115,0,0,1,0,13,0,0,13,0,0,0
깅와,16,0,0,5,9,1,12,200,0,0,27,6,26,0,2,26,0,0,1
태현띠,47,0,0,3,12,3,55,126,0,0,43,12,5,0,4,5,0,0,1
수능6일남음,22,0,0,5,17,3,112,50,0,0,27,3,22,0,0,22,0,5,0
왈왈족추장,3,0,0,4,9,23,132,57,0,0,15,4,53,0,2,53,1,0,1
찰떡아범,31,0,0,6,9,19,135,68,0,0,28,0,2,1,1,2,1,5,1
Lester,29,0,0,5,12,9,50,45,0,0,24,8,0,0,0,0,0,5,0
정글,6,0,0,2,10,0,65,82,0,0,25,2,3,0,2,3,0,6,0
두루몽실,0,14,0,2,10,9,51,89,0,0,4,5,0,0,1,0,0,5,0
주영,11,0,0,2,6,4,18,107,0,0,36,8,23,3,0,23,0,0,0
개영훈,27,0,0,3,11,3,17,90,0,0,33,3,14,0,1,14,0,0,0
덕구,13,0,0,3,18,7,174,27,0,0,70,10,0,1,0,0,1,5,1
꼬질스,10,0,0,2,14,9,2,64,0,0,36,3,4,0,6,4,0,5,0
siberian,9,0,0,11,7,31,64,53,0,0,15,9,2,1,1,2,1,0,0
알콩달콩별이,9,0,0,3,5,88,63,31,0,0,11,4,35,0,2,35,0,0,0
당수록문,25,0,0,6,27,2,100,41,0,0,53,3,26,0,10,26,0,5,0
서비,19,0,0,2,12,3,80,79,0,0,24,11,31,0,1,31,1,5,0
지민빵,21,0,0,3,7,18,8,148,0,0,42,10,15,0,5,15,0,5,0
양생양중,5,0,0,5,8,6,81,65,0,0,11,11,6,0,1,6,1,0,0
사나미나다현채영쯔위,25,0,0,2,20,1,40,125,0,0,66,5,3,0,3,3,2,5,0
다크랜드,19,0,0,3,19,4,122,35,0,0,36,6,0,0,0,0,0,5,0
릭샤,26,0,0,3,56,1,42,103,0,0,37,5,1,0,0,1,0,0,0
Alphabet,17,0,0,3,19,1,102,28,0,0,47,10,0,1,9,0,1,0,0
매혹,15,0,0,6,5,1,55,106,0,0,26,3,28,2,2,28,0,0,1
피요,15,0,0,2,9,12,118,20,0,0,14,8,0,0,3,0,1,5,0
SN설현,20,0,0,2,6,0,49,61,0,0,52,0,2,0,2,2,0,5,0
개장수하라브,26,0,0,7,10,17,91,68,0,0,19,9,5,0,6,5,0,0,0
CAHOL,75,0,0,2,15,20,4,52,0,0,3,5,1,0,11,1,0,5,0
리봉,14,0,0,2,11,2,69,75,0,0,4,7,3,5,0,3,1,5,0
머리속연가시,21,0,0,6,8,12,46,110,0,0,19,5,2,0,11,2,0,5,0
진스터2239,7,0,0,10,6,2,32,65,0,0,8,7,2,1,1,2,2,4,0
마토,19,0,0,3,19,7,106,28,0,0,44,15,5,0,2,5,0,5,0
할아브도베르만,14,0,0,4,28,6,61,105,0,0,7,5,1,0,0,1,1,5,0
FBI카룬,28,0,0,2,32,1,5,116,0,0,10,8,12,0,0,12,1,5,0
큐티태연,9,0,0,6,8,9,54,95,0,0,19,6,1,0,0,1,0,0,0
아메으리카노,36,0,0,2,21,4,0,98,0,0,35,4,29,0,0,29,0,5,0
NoMic,14,0,0,2,6,1,27,94,0,0,52,6,5,4,0,5,1,5,0
The쌤,38,0,0,5,14,30,152,18,0,0,8,12,2,0,0,2,0,5,0
타아미,19,0,0,3,10,0,80,75,0,0,3,4,0,0,1,0,4,5,0
인피,19,0,0,4,18,13,66,62,0,0,25,1,26,1,1,26,1,5,0
유녕이,29,0,0,2,12,15,51,87,0,0,14,5,11,0,0,11,1,5,0
주의기,11,0,0,14,5,10,98,110,0,0,26,6,27,2,4,27,2,4,0
노란케잌,16,0,0,3,8,1,48,52,0,0,8,6,0,0,7,0,0,4,0
아지,9,0,0,3,13,8,38,135,0,0,8,3,8,0,0,8,0,0,0
GrouchSmurf,5,0,0,4,17,4,116,50,0,0,11,8,0,0,2,0,0,5,0
ForceeeeE,42,0,0,4,31,5,111,120,0,0,81,21,25,1,5,25,1,5,0
인포마스터,24,0,0,3,16,4,60,72,0,0,36,2,4,0,0,4,0,5,0
EOS,40,0,0,2,20,26,2,122,0,0,14,4,0,0,0,0,1,5,0
BIO,10,0,0,4,10,33,4,107,0,0,15,5,1,2,0,1,0,4,0
곤충학자,10,0,0,3,15,13,72,141,0,0,24,3,0,0,0,0,1,5,0
종종종,0,0,0,4,15,1,3,144,0,0,5,6,0,0,0,0,1,5,0
SJBA,12,0,0,9,6,11,2,133,0,0,7,4,13,1,0,13,2,0,0
아리에르,9,0,0,2,9,9,26,56,0,0,14,10,1,0,5,1,2,5,1
goreclown,13,0,0,4,12,2,114,33,0,0,41,10,13,0,2,13,1,5,0
옥면,21,0,0,4,30,12,43,105,0,0,22,15,0,6,8,0,1,5,1
걔장수,12,0,0,2,16,3,91,57,0,0,24,2,3,0,1,3,1,5,1
넨디,35,0,0,13,6,1,13,202,0,0,34,5,1,5,5,1,6,0,0
그뤠잇,22,0,0,5,15,3,65,67,0,0,22,3,0,0,0,0,0,5,0
꽃돌,49,0,0,6,10,7,23,33,0,0,24,14,22,0,4,22,0,0,0
이루어진,2,0,0,5,11,5,81,57,0,0,18,10,26,0,0,26,0,0,0
마음2,20,0,0,5,19,1,64,38,0,0,37,5,3,0,2,3,0,5,0
엔도르시,31,0,0,3,15,7,125,25,0,0,30,4,8,0,1,8,0,5,1
윌스,23,0,0,3,16,11,73,76,0,0,38,10,10,0,16,10,0,0,0
아주하얀늑대,29,0,0,4,10,5,71,99,0,0,11,0,17,3,1,17,1,0,0
면봉,1,0,0,3,13,39,61,110,0,0,13,9,0,0,0,0,1,5,0
Hong,24,0,0,12,18,4,94,80,0,0,12,1,0,0,0,0,2,0,0
루비스,9,0,0,5,27,4,125,148,0,0,14,11,0,0,0,0,1,0,0
블랙아머,46,0,0,6,17,2,4,179,0,0,38,7,0,2,4,0,0,5,1
S흑운,10,0,0,3,10,4,122,33,0,0,27,8,2,1,2,2,0,5,0
공수부대,39,0,0,3,19,2,43,96,0,0,57,6,1,0,0,1,0,1,0
에페리카,17,0,0,2,9,8,24,42,0,0,30,7,42,0,3,42,0,4,0
겸댕민슈,14,0,0,3,15,19,56,166,0,0,28,14,10,1,8,10,0,5,0
깔푸봉재,28,0,0,1,21,8,2,43,0,0,68,4,8,1,0,8,1,5,0
z카이z,39,0,0,9,10,18,42,95,0,0,8,4,8,1,0,8,1,0,0
의령킹카,23,0,0,5,13,3,41,93,0,0,5,4,11,3,7,11,1,5,0
해서해리,19,0,0,3,12,5,49,53,0,0,13,7,2,0,3,2,2,0,0
인생은그런것,34,0,0,2,15,2,73,74,0,0,61,5,0,2,4,0,2,5,0
Even,11,0,0,11,6,6,73,44,0,0,24,14,7,0,8,7,2,5,0
조경훈,39,0,0,2,10,8,62,24,0,0,26,10,0,2,3,0,0,5,0
동진,18,0,0,3,13,23,0,122,0,0,16,9,6,4,0,6,2,5,0
오러넡,14,0,0,2,9,2,0,58,0,0,23,0,13,0,1,13,0,5,0
바람달,46,0,0,2,4,4,16,37,0,0,30,16,9,2,3,9,0,0,0
tfctgv,8,0,0,4,11,2,118,28,0,0,32,5,0,0,1,0,0,5,0
사린마,18,0,0,2,15,28,111,21,0,0,13,5,0,0,0,0,0,5,0
아로크,27,0,0,3,23,6,83,100,0,0,36,7,1,0,0,1,1,5,0
봉봉씌,22,0,0,3,10,53,112,13,0,0,15,10,0,4,2,0,2,5,0
쏘웇스터,39,0,0,3,18,11,60,126,0,0,35,4,6,0,1,6,1,5,0
율리시아,0,0,0,5,3,7,5,134,0,0,11,3,0,0,0,0,0,0,0
사랑해요Q3,17,0,0,3,15,6,33,81,0,0,9,6,0,3,0,0,0,5,0
우리은하,20,0,0,5,14,58,118,61,0,0,10,17,3,2,2,3,0,0,0
아벼벼,39,0,0,2,21,1,91,71,0,0,20,4,0,0,13,0,1,6,1
한글은열두자까지입력가능,19,0,0,3,7,1,54,98,0,0,25,5,0,0,6,0,1,5,0
콩콩,13,0,0,2,24,9,87,99,0,0,27,0,16,0,0,16,0,5,0
JD,36,0,0,4,27,7,73,136,0,0,4,7,1,0,11,1,0,5,0
미오,27,0,0,3,14,9,126,43,0,0,25,5,8,1,0,8,1,5,1
돌고래,18,0,0,1,14,37,65,18,0,0,14,7,9,0,0,9,1,5,0
미적분,111,0,0,4,19,2,74,120,0,0,37,8,4,2,7,4,0,5,0
졸음송,20,0,0,3,16,3,65,46,0,0,30,5,4,0,1,4,0,5,0
DarkCat,0,0,0,3,22,2,39,118,0,0,16,8,4,0,0,4,1,0,0
TosCmp,12,0,0,6,17,6,91,57,0,0,15,8,2,3,1,2,1,0,0
외쳐갓할배,34,0,0,2,18,22,86,52,0,0,25,6,7,4,0,7,1,0,0
싸셈,32,0,0,5,2,20,0,113,0,0,16,1,34,2,0,34,2,0,1
헬할아브,34,0,0,3,25,1,106,44,0,0,61,6,0,0,0,0,0,5,0
마오,26,0,0,4,10,33,153,56,0,0,50,14,26,4,0,26,1,5,1
할미브,30,0,0,4,25,6,129,41,0,0,25,6,10,0,1,10,2,5,0
짱꼬환,11,0,0,10,4,3,47,102,0,0,7,3,2,0,1,2,1,0,0
순식간에,31,0,0,3,22,10,88,107,0,0,72,10,13,3,2,13,3,5,0
하늘늑대,37,0,0,2,14,3,67,37,0,0,22,2,2,0,4,2,1,0,0
승은이연인,19,0,0,3,10,15,14,195,0,0,22,0,61,0,1,61,0,0,0
락교,15,0,0,4,16,22,24,64,0,0,20,10,1,1,0,1,0,1,0
토마스는없다,28,0,0,2,28,2,0,91,0,0,19,2,0,0,0,0,1,4,0
지은여신남편,34,0,0,2,23,1,14,68,0,0,24,5,22,0,2,22,0,5,0
니똥칼라똥,19,0,0,4,17,7,68,130,0,0,36,4,6,0,3,6,0,0,1
호롤로로롤,8,0,0,12,17,17,29,123,0,0,14,8,0,1,0,0,2,0,1
허브맛치킨,9,0,0,4,15,4,103,60,0,0,29,5,0,0,2,0,0,5,0
허스키,0,0,0,2,9,1,112,19,0,0,57,11,0,1,0,0,0,5,0
개구쟁oI,45,0,0,3,11,4,79,83,0,0,70,5,8,0,3,8,0,5,0
양태,14,0,0,7,4,56,60,46,0,0,17,4,11,3,4,11,0,0,0
산개,21,0,0,4,7,58,33,51,0,0,11,0,17,1,0,17,0,4,0
벌레여왕성대리,9,0,0,2,12,12,110,44,0,0,29,6,11,0,3,11,0,5,0
이름이다중복,7,0,0,3,7,14,62,62,0,0,8,11,16,2,3,16,1,4,0
폭풍보,13,0,0,2,10,1,81,41,0,0,20,2,0,0,1,0,0,5,0
사랑의소녀,37,0,0,3,21,2,107,65,0,0,10,6,3,2,12,3,2,5,0
할아브,12,0,0,2,16,1,82,71,0,0,24,5,0,0,0,0,1,0,0
이은성회장,11,0,0,3,9,1,110,40,0,0,11,5,1,0,0,1,0,0,0
귀차나,36,0,0,3,30,1,82,65,0,0,62,7,1,0,2,1,0,5,0
핸섬신,79,0,0,2,16,32,35,53,0,0,22,3,10,1,3,10,0,5,1
듬듬,32,0,0,2,20,13,74,113,0,0,21,11,0,0,3,0,0,5,1
으c으,14,0,0,2,8,12,58,63,0,0,11,0,0,0,0,0,0,5,0
잡히면죽인다,39,0,0,7,22,31,49,181,0,0,35,6,0,8,1,0,2,5,0
파파,19,0,0,4,9,4,81,133,0,0,55,8,6,0,0,6,0,5,1
fahrenheit,26,0,0,3,16,8,61,124,0,0,25,10,36,0,3,36,1,5,0
크으르으릉,8,0,0,2,16,4,86,45,0,0,15,8,16,1,0,16,0,5,0
떨기,16,0,0,3,14,1,43,76,0,0,15,6,1,1,0,1,0,5,0
김닉스,17,0,0,4,12,2,329,12,0,0,55,10,0,2,12,0,1,6,1
곽동근,30,0,0,9,11,22,0,83,0,0,5,2,19,0,3,19,2,0,0
보농이,95,0,0,5,9,14,136,89,0,0,64,30,5,7,3,5,2,5,0
gustav82,23,0,0,4,10,33,103,30,0,0,21,0,6,0,8,6,4,5,1
태을이,4,0,0,4,11,7,120,43,0,0,10,16,13,1,2,13,1,0,0
sori,14,0,0,3,6,19,84,45,0,0,32,6,8,1,1,8,0,5,1
은딩이,36,0,0,3,9,8,132,25,0,0,20,8,3,0,5,3,2,5,0
담기,28,0,0,4,6,48,116,51,0,0,31,1,9,0,3,9,1,5,0
무맘찡,19,0,0,5,20,5,101,65,0,0,64,22,2,0,2,2,0,0,0
몽블랑,12,0,0,3,21,1,108,68,0,0,42,7,0,0,0,0,1,5,0
리버킹,20,0,0,2,19,1,91,19,0,0,59,3,0,3,1,0,0,5,0
나다다,32,0,0,9,14,3,166,68,0,0,58,7,6,0,7,6,0,5,0
검정치마,20,0,0,15,14,4,58,151,0,0,22,6,1,5,0,1,1,4,0
김과장입니다,17,0,0,4,14,6,3,134,0,0,32,6,0,0,9,0,0,5,0
선택이,31,0,0,6,7,28,33,43,0,0,24,5,0,0,2,0,1,5,0
CarpeDiem,15,0,0,2,12,0,12,66,0,0,39,3,0,0,1,0,0,0,0
명륜가,9,0,0,11,23,2,37,80,0,0,8,7,15,0,4,15,2,0,0
똥개애애,27,0,0,10,11,2,14,84,0,0,15,3,1,0,0,1,2,0,0
뿡뿡이,14,0,0,3,9,6,74,52,0,0,27,6,0,1,1,0,0,5,0
욱차이,20,0,0,2,11,45,144,6,0,0,24,19,0,0,7,0,1,5,1
신논현2번출구,30,0,0,3,16,27,96,34,0,0,8,3,5,3,0,5,0,5,0
반달,33,0,0,3,18,5,129,63,0,0,42,9,5,0,5,5,0,5,0
엘킴,85,0,0,3,19,1,42,49,0,0,13,3,0,3,0,0,1,5,0
거북이발톱,6,0,0,3,10,3,0,105,0,0,11,3,2,1,0,2,2,5,0
iopi72,31,0,0,4,22,6,43,130,0,0,20,9,4,3,0,4,0,5,0
오빵맨,19,0,0,3,12,8,186,23,0,0,33,6,8,2,1,8,2,5,0
이과장과장이지나치네,18,0,0,4,13,53,120,52,0,0,17,9,14,7,2,14,3,4,0
벤카슬러,20,0,0,2,11,9,64,32,0,0,11,2,0,0,5,0,0,5,0
초코렛또백작,22,0,0,3,22,1,92,59,0,0,3,15,1,2,0,1,2,0,0
오로치마루,16,0,0,5,13,19,31,107,0,0,22,9,6,0,0,6,0,5,0
해리스,17,0,0,4,9,19,67,68,0,0,7,5,8,2,0,8,0,5,0
최진리,20,0,0,4,5,15,10,157,0,0,18,7,20,2,0,20,0,0,1
뀨교나,47,0,0,2,8,1,51,50,0,0,43,3,0,0,8,0,5,5,1
자코,36,0,0,6,10,15,88,80,0,0,29,7,2,0,5,2,1,5,0
뱅군,42,0,0,1,15,61,11,32,0,0,7,5,0,2,15,0,0,5,0
익페피,24,0,0,3,20,2,139,20,0,0,46,6,3,0,1,3,1,5,0
오리온,20,0,0,3,12,18,131,54,0,0,38,6,6,1,0,6,1,5,0
하드코어,9,0,0,12,7,7,60,78,0,0,13,6,39,0,2,39,2,0,0
초현,34,0,0,2,8,0,47,100,0,0,62,6,1,7,2,1,0,6,1
카지하나,23,0,0,6,10,2,20,115,0,0,31,11,24,0,0,24,0,5,0
정이,25,0,0,5,11,12,109,27,0,0,22,16,5,1,1,5,0,5,1
불멸,21,0,0,2,13,10,99,61,0,0,23,4,0,4,1,0,0,5,0
은성,31,0,0,2,13,15,80,25,0,0,24,5,5,3,1,5,2,5,0
케찹마요,27,0,0,2,24,1,107,21,0,0,22,13,24,0,5,24,0,0,0
등긁어줘,6,0,0,3,13,51,98,59,0,0,22,6,0,0,0,0,1,0,0
나라,18,0,0,3,15,3,63,95,0,0,32,1,10,1,0,10,1,0,0
클린스만,28,0,0,2,20,8,49,79,0,0,62,8,0,7,0,0,2,5,0
퀸성대리,38,0,0,3,11,11,56,69,0,0,26,19,3,0,2,3,0,5,0
나야나gg,10,0,0,2,9,20,8,81,0,0,28,6,49,0,1,49,0,5,0
깡처니,16,0,0,3,7,23,78,44,0,0,32,9,4,0,0,4,0,0,0
지나니,19,0,0,2,6,7,51,105,0,0,11,8,53,0,7,53,0,5,0
검황,30,0,0,4,5,19,96,64,0,0,8,4,16,3,3,16,0,0,0
이닛,3,0,0,2,10,14,18,51,0,0,13,6,2,2,9,2,0,0,0
하이브o,6,0,0,3,12,5,2,189,0,0,48,15,0,0,0,0,0,5,0
프론티어,14,0,0,3,14,11,62,85,0,0,25,9,9,0,1,9,0,5,1
야채와채소,32,34,0,3,30,4,0,177,0,0,13,9,1,6,4,1,0,5,1
대중,73,0,0,2,39,11,70,161,0,0,89,7,9,4,15,9,1,5,1
Retina,2,0,0,2,9,1,101,56,0,0,31,3,0,0,0,0,0,5,0
취돌이,26,0,0,2,12,30,102,39,0,0,3,3,2,1,0,2,1,5,0
감자가마왕,26,0,0,2,6,17,36,48,0,0,14,8,0,2,1,0,1,5,0
용두두두,72,0,0,1,22,1,2,32,0,0,55,19,5,0,10,5,0,5,0
갓초아,10,0,0,3,7,1,17,91,0,0,2,0,3,0,4,3,0,0,0
DeadManBlack,6,0,0,4,7,8,103,48,0,0,10,10,0,0,0,0,0,0,0
봐봐,32,0,0,9,7,55,58,19,0,0,14,8,4,4,9,4,4,4,1
청계동,16,0,0,3,11,10,30,77,0,0,44,14,16,1,3,16,0,5,0
다크위드,24,0,0,12,4,3,47,100,0,0,21,3,32,0,3,32,1,0,0
개장수되고픔,31,0,0,1,13,2,3,17,0,0,82,8,10,0,3,10,0,5,1
엘드,15,0,0,10,7,32,5,90,0,0,4,5,12,0,4,12,1,0,0
voshall,17,0,0,7,16,35,83,35,0,0,30,9,5,0,1,5,0,5,0
미선찡,12,0,0,2,9,82,2,74,0,0,8,15,29,1,2,29,1,5,0
구블리,32,0,0,4,6,21,31,39,0,0,12,8,13,1,5,13,0,5,1
웨이터,29,0,0,4,13,1,83,64,0,0,26,10,12,4,4,12,2,5,0
고르거츠,11,0,0,5,18,12,116,35,0,0,24,11,1,0,0,1,0,5,0
예사민,10,0,0,2,10,2,10,103,0,0,20,3,10,0,1,10,0,5,0
카오,15,0,0,5,12,28,50,82,0,0,6,7,0,0,5,0,0,5,0
지빠귀,21,0,0,3,9,6,58,77,0,0,24,7,7,0,0,7,0,5,0
SouDark,10,0,0,2,7,13,45,41,0,0,39,16,0,0,0,0,1,5,0
수녀,14,0,0,2,17,1,42,125,0,0,55,10,0,3,6,0,1,5,0
루브,0,0,0,3,18,1,84,160,0,0,4,2,39,0,0,39,0,5,0
진격의호빗,20,0,0,6,7,41,0,135,0,0,6,3,7,0,0,7,0,0,0
Arc,14,0,0,9,9,4,57,59,0,0,9,6,2,2,10,2,1,0,0
신을죽인자,18,0,0,3,5,72,74,45,0,0,4,10,66,0,1,66,0,5,0
쿠브,25,0,0,3,10,7,75,26,0,0,19,6,0,0,3,0,0,4,0
성녀,20,0,0,3,13,1,115,20,0,0,29,4,2,1,1,2,0,0,1
내가짱이군하,27,0,0,7,9,9,79,99,0,0,34,2,13,1,2,13,1,5,0
고구마빈,49,0,0,4,15,3,54,19,0,0,39,3,2,0,3,2,0,5,0
붉은나래,14,0,0,12,6,8,62,65,0,0,20,5,1,0,9,1,1,5,0
카르페디앰,22,0,0,3,9,28,60,59,0,0,45,2,2,0,9,2,0,5,0
뾰로롱천사,0,0,0,4,25,0,27,162,0,0,16,0,2,0,0,2,0,0,0
천이,5,0,0,3,7,10,114,22,0,0,22,5,3,0,2,3,0,5,0
할아vv,29,0,0,5,13,14,94,26,0,0,17,6,12,0,4,12,2,5,0
혼종똥개,14,0,0,6,7,44,40,98,0,0,8,9,53,0,1,53,3,4,0
함주임,26,0,0,4,18,16,7,68,0,0,21,6,18,0,6,18,0,0,0
노숙자협회장,14,0,0,4,13,14,0,89,0,0,25,1,2,0,3,2,0,5,0
우량아,16,0,0,7,8,46,73,37,0,0,13,7,3,7,1,3,1,0,1
변싼체로발견,3,0,0,3,14,6,26,123,0,0,5,6,35,0,0,35,0,0,0
담배피는곰돌이,15,0,0,6,6,34,116,97,0,0,15,10,2,7,1,2,2,5,0
큰별,18,0,0,1,16,1,62,26,0,0,52,4,1,0,2,1,0,1,1
꼰지이,23,0,0,14,15,7,59,202,0,0,10,10,0,3,0,0,2,4,0
물의요정삼다수,27,0,0,2,11,1,96,29,0,0,66,13,1,0,7,1,1,5,1
달콤한베지밀,25,0,0,3,12,26,75,52,0,0,6,4,0,0,0,0,1,5,0
minuc,48,0,0,7,13,13,35,39,0,0,22,0,18,0,16,18,3,0,0
뭉크,16,0,0,5,16,5,41,81,0,0,17,4,28,1,4,28,0,0,0
고유,12,0,0,3,24,1,4,147,0,0,8,3,0,0,5,0,0,5,0
쪼즈,14,0,0,2,7,26,93,91,0,0,16,5,19,0,1,19,0,4,0
are,27,0,0,4,9,10,132,25,0,0,25,6,3,1,2,3,1,5,1
요왕,9,0,0,8,9,16,135,63,0,0,13,8,6,0,2,6,0,0,1
피플테리어,29,0,0,4,10,13,78,73,0,0,11,8,7,1,0,7,1,5,0
원빈있나영,0,0,0,3,14,7,86,76,0,0,7,4,0,0,0,0,0,0,0
나쿤,9,0,0,2,13,1,25,83,0,0,22,3,11,0,2,11,1,5,0
어른,69,0,0,3,27,4,7,160,0,0,3,3,0,0,1,0,2,2,0
소수파파,15,0,0,2,8,13,37,48,0,0,12,12,9,0,3,9,1,0,0
비타민,34,0,0,8,11,43,95,149,0,0,21,15,40,0,11,40,0,1,0
밍고,42,0,0,5,14,12,77,57,0,0,16,5,6,2,1,6,2,5,0
choigore,4,0,0,4,9,2,74,67,0,0,5,2,1,0,0,1,0,0,0
운현성,27,0,0,7,9,5,94,65,0,0,14,5,3,0,5,3,1,5,0
올챙이,3,0,0,2,15,8,110,76,0,0,10,6,12,0,0,12,0,5,0
캐시비,29,0,0,2,11,22,13,154,0,0,13,5,22,0,1,22,1,4,0
막판,21,0,0,3,17,24,71,128,0,0,45,4,10,0,0,10,1,5,0
아사이,49,0,0,6,22,8,86,71,0,0,50,11,67,1,4,67,1,5,1
바랑가이,28,0,0,4,12,48,77,40,0,0,3,12,0,0,5,0,1,0,0
클론,20,0,0,3,12,9,107,73,0,0,3,6,5,6,0,5,3,5,0
까칠한인이,18,0,0,3,6,29,67,33,0,0,23,11,24,1,14,24,0,0,0
대략난감0,37,0,0,8,21,3,77,69,0,0,6,6,4,1,0,4,1,0,0
광부릉,11,0,0,3,9,8,111,20,0,0,34,8,2,0,17,2,0,0,0
conan4851,25,0,0,7,10,70,9,113,0,0,14,20,30,0,4,30,1,0,0
재미진,20,0,0,3,20,13,47,104,0,0,49,4,6,1,3,6,0,5,1
anno,18,0,0,5,4,69,54,97,0,0,41,13,32,5,3,32,1,5,0
회장,25,0,0,2,15,1,123,13,0,0,60,15,0,1,1,0,0,5,0
홍대리,2,0,0,5,10,7,127,52,0,0,7,6,0,4,6,0,0,0,0
마그테리돈,18,0,0,2,23,8,52,116,0,0,31,7,15,1,6,15,0,0,1
맹구,32,0,0,2,11,14,35,102,0,0,26,13,0,0,0,0,1,5,0
환타더라,43,0,0,2,4,1,2,75,0,0,13,4,0,0,0,0,1,5,0
따귀,6,0,0,3,7,1,66,86,0,0,14,9,3,0,7,3,0,0,1
생명체,14,0,0,3,5,4,66,66,0,0,34,4,18,2,0,18,0,0,0
세리크나,51,0,0,2,29,4,50,112,0,0,49,16,0,3,2,0,1,5,1
닥터지,40,0,0,3,9,1,98,84,0,0,37,10,2,0,2,2,0,4,0
청바지,6,0,0,3,3,7,41,71,0,0,4,7,17,0,2,17,0,0,0
흰산의주인,12,0,0,3,19,11,80,27,0,0,4,8,3,2,0,3,0,5,0
뀨리,31,0,0,4,14,16,111,70,0,0,15,5,3,0,3,3,0,0,0
newshot,24,0,0,3,9,31,2,158,0,0,35,5,4,0,4,4,1,5,0
홍사마,47,0,0,6,6,57,62,45,0,0,22,3,4,0,3,4,1,5,0
우왕입니다,12,0,0,5,7,1,77,28,0,0,20,13,9,4,1,9,1,5,0
Haibe,7,0,0,2,11,12,97,37,0,0,34,1,0,0,0,0,0,5,0
에리움,10,0,0,3,9,1,110,46,0,0,51,15,6,0,6,6,0,5,0
I리오I,19,0,0,19,12,120,233,192,0,0,24,11,9,6,36,9,3,0,1
861215,2,0,0,1,10,10,2,48,0,0,10,19,24,1,1,24,0,0,0
토토아리,1,0,0,13,3,18,179,93,0,0,13,4,61,0,6,61,2,0,0
대통령,27,0,0,3,11,9,65,39,0,0,6,5,0,0,1,0,1,5,0
아랑핫덕,30,0,0,3,26,13,35,74,0,0,23,11,8,2,0,8,0,5,0
연용,17,0,0,10,4,9,58,42,0,0,11,10,4,3,4,4,4,0,1
목요일의연인,17,0,0,3,28,5,63,81,0,0,22,9,0,0,0,0,1,5,0
레몬에이드,7,0,0,2,7,5,98,26,0,0,66,9,0,0,1,0,0,5,0
우희,20,0,0,2,15,1,60,19,0,0,95,0,1,0,0,1,0,5,0
송진우다,62,0,0,1,13,3,10,73,0,0,60,13,18,0,1,18,0,5,0
시리어스,8,0,0,8,6,37,4,112,0,0,4,4,0,0,0,0,1,0,0
수집가이야기,6,0,0,3,14,1,89,77,0,0,21,10,1,0,0,1,0,0,0
다크미카엘,32,0,0,8,13,8,76,123,0,0,34,5,0,1,16,0,0,5,0
알럽쩡,33,0,0,3,9,9,44,121,0,0,25,5,19,0,1,19,1,5,0
아르카이제,19,0,0,5,9,12,90,159,0,0,90,4,6,0,5,6,1,5,1
생존자2,24,0,0,2,14,16,90,21,0,0,41,4,15,0,5,15,1,0,0
김샌디,18,0,0,3,12,5,150,38,0,0,26,5,0,0,0,0,1,5,0
주선생,44,0,0,5,5,27,161,39,0,0,27,14,1,2,5,1,0,2,1
사막까마귀,9,0,0,12,14,2,32,106,0,0,17,11,5,1,1,5,3,0,0
6시내고1환,85,0,0,3,14,9,59,87,0,0,12,4,4,2,1,4,0,5,0
푸르른자유,21,0,0,2,10,1,28,81,0,0,45,3,0,1,1,0,0,4,0
씨니다,15,0,0,2,7,2,66,54,0,0,41,7,5,0,1,5,0,5,0
백골,15,0,0,2,10,2,82,82,0,0,28,6,26,0,0,26,0,5,0
천사희,0,0,0,2,23,3,108,56,0,0,87,7,8,0,0,8,0,5,0
쑨완,14,0,0,5,13,16,42,42,0,0,22,17,5,3,2,5,1,5,0
스핀무브,25,0,0,2,14,1,76,73,0,0,23,10,28,0,2,28,1,5,1
백룡,19,0,0,2,10,11,86,29,0,0,37,8,8,0,2,8,0,5,0
철이,27,0,0,3,9,1,34,192,0,0,54,6,48,1,1,48,0,5,1
입법조사관,29,0,0,9,5,20,104,39,0,0,14,5,29,1,1,29,0,4,1
JHL,15,0,0,2,12,13,21,136,0,0,4,8,0,4,0,0,1,0,0
몽그래,42,0,0,3,15,13,29,85,0,0,27,20,30,6,2,30,2,5,0
붉은독수리,61,0,0,5,14,6,34,36,0,0,13,7,9,0,7,9,0,5,0
그림,28,0,0,3,22,17,81,49,0,0,17,5,5,0,0,5,0,5,0
킬포트,32,0,0,8,11,6,68,23,0,0,25,5,6,0,10,6,2,0,1
제이콥사비,38,0,0,4,26,1,57,32,0,0,9,5,0,0,1,0,0,5,0
KR하이브,11,0,0,3,18,4,97,48,0,0,23,5,0,2,0,0,0,5,0
전장용병,17,0,0,3,18,28,112,45,0,0,14,11,0,4,0,0,1,5,0
맛악,0,0,0,3,22,1,87,73,0,0,50,3,2,0,0,2,1,5,0
스팡즈,79,0,0,4,11,2,157,44,0,0,27,3,11,0,10,11,1,0,1
동전파스짜응,9,0,0,11,5,37,47,77,0,0,8,6,36,0,1,36,2,0,1
관리귀찮다,3,0,0,2,18,10,53,93,0,0,3,3,5,2,2,5,0,5,0
크헝,25,0,0,3,13,9,2,105,0,0,28,12,0,5,2,0,1,5,0
과장이은성,37,0,0,2,22,19,9,112,0,0,25,3,1,1,2,1,0,5,0
워니워니,12,0,0,2,21,26,15,66,0,0,16,13,5,0,5,5,0,5,0
사형,19,0,0,2,26,1,25,125,0,0,34,6,1,2,0,1,0,4,0
에밀나루드,7,0,0,3,23,18,112,29,0,0,16,5,4,0,0,4,1,5,0
bugar3,0,0,0,3,6,3,99,112,0,0,28,16,41,0,0,41,0,5,0
소심,12,0,0,6,8,7,397,30,0,0,34,14,71,0,18,71,1,5,1
쪼림아비,17,0,0,3,17,12,83,72,0,0,23,5,23,0,1,23,1,5,0
크리스님,22,0,0,3,9,14,116,45,0,0,24,3,17,6,0,17,1,5,0
호호듀,18,0,0,2,12,3,69,48,0,0,44,6,0,0,1,0,0,5,0
으히이싸,0,0,0,3,11,2,61,112,0,0,22,4,0,0,0,0,0,3,0
mkr123,0,0,0,2,11,2,25,149,0,0,55,4,5,1,0,5,1,0,1
박은빈,3,0,0,5,13,69,79,89,0,0,19,6,10,2,1,10,1,5,1
답이,12,0,0,2,10,11,16,123,0,0,9,3,12,0,0,12,2,0,0
니들,35,0,0,4,14,3,125,72,0,0,20,12,5,1,12,5,0,5,1
혜리,17,0,0,3,11,12,138,86,0,0,26,6,9,0,0,9,0,5,0
고미,10,0,0,4,14,43,111,61,0,0,24,24,0,4,4,0,3,5,1
공대생,28,0,0,3,19,23,44,61,0,0,18,15,10,4,0,10,1,4,0
대수,36,0,0,2,24,1,19,111,0,0,43,0,0,4,7,0,1,0,0
희월령,13,0,0,6,8,31,186,72,0,0,25,23,5,6,19,5,1,5,1
찌꺼기,36,0,0,2,17,35,38,103,0,0,35,8,9,1,0,9,0,5,0
영치리,6,0,0,2,13,1,72,75,0,0,3,5,25,0,0,25,1,5,0
다뿌아뿔라,18,0,0,5,13,5,89,46,0,0,12,9,5,1,3,5,0,0,1
프랑,20,0,0,3,17,6,94,21,0,0,35,6,29,2,2,29,0,0,0
제랄이다,1,0,0,3,14,2,42,88,0,0,35,4,0,1,0,0,0,0,0
진뱅,4,0,0,2,7,14,13,42,0,0,23,11,6,1,1,6,0,5,0
타고난재능,5,0,0,4,9,15,40,82,0,0,42,7,33,0,6,33,0,0,0
잉구,86,0,0,3,7,1,145,17,0,0,37,5,11,0,0,11,1,5,0
어쩐지오늘,25,0,0,2,9,8,50,53,0,0,24,0,25,0,5,25,0,0,0
특공맨,40,0,0,2,23,0,33,79,0,0,18,3,0,0,1,0,2,0,0
니면상,24,0,0,3,18,41,85,43,0,0,33,7,15,0,3,15,0,5,0
스파으리탄,22,0,0,2,12,1,81,64,0,0,6,5,47,0,1,47,1,5,0
차치,27,0,0,4,17,1,106,45,0,0,42,6,1,0,2,1,0,5,0
개마무사,8,0,0,3,17,4,120,37,0,0,20,5,10,1,0,10,0,5,0
토루크막토,10,0,0,2,13,1,0,100,0,0,22,3,0,0,0,0,1,5,0
형부와처제,7,0,0,2,16,12,42,54,0,0,26,4,2,0,0,2,0,5,0
멈버,20,0,0,2,10,0,43,58,0,0,85,2,4,1,7,4,0,0,0
성지은과영감,38,0,0,4,13,1,36,149,0,0,25,3,0,0,2,0,0,1,1
피곤,9,0,0,3,14,12,151,41,0,0,38,14,6,0,0,6,0,5,0
초롱이,17,0,0,2,16,1,85,51,0,0,39,6,7,0,1,7,1,5,0
원찬나라,50,0,0,4,12,1,71,104,0,0,11,7,0,4,0,0,2,5,0
라시드,9,0,0,4,10,1,79,124,0,0,13,4,1,1,1,1,0,5,0
성빛엘케인,14,0,0,4,19,1,80,39,0,0,15,6,8,0,11,8,0,5,0
carl,39,0,0,7,8,11,72,100,0,0,15,5,0,0,3,0,0,5,0
김우렁,35,0,0,5,5,24,89,58,0,0,27,11,14,0,3,14,1,0,0
IIV,4,0,0,8,7,34,102,63,0,0,8,7,28,0,0,28,0,0,0
첼로,7,0,0,3,15,0,96,22,0,0,30,3,3,0,1,3,1,0,0
흐어허어어어허엉,38,0,0,3,17,46,29,74,0,0,34,10,32,1,20,32,0,5,1
아더왕,19,0,0,4,12,2,69,51,0,0,28,3,11,0,1,11,0,5,0
특공할배,12,0,0,3,7,10,101,43,0,0,25,11,10,0,0,10,0,5,0
프레이,12,0,0,3,11,6,17,79,0,0,24,4,5,0,0,5,0,5,0
돈까스피자햄버거,9,0,0,3,33,8,64,38,0,0,5,6,14,0,0,14,0,5,0
미야러브,12,0,0,8,9,5,47,49,0,0,21,5,1,2,1,1,0,0,0
SN꼬들더하기,9,0,0,2,20,1,24,98,0,0,54,11,0,2,0,0,1,5,0
Lylith,5,0,0,2,8,11,63,51,0,0,19,10,1,0,1,1,1,0,0
주인님,15,0,0,4,11,7,74,112,0,0,9,5,19,0,0,19,0,0,0
SOLTS,28,0,0,5,21,0,120,55,0,0,17,4,6,0,0,6,0,5,0
가로수그늘,17,0,0,3,12,4,98,25,0,0,61,6,11,1,0,11,0,5,0
따옥짱,32,0,0,3,8,6,39,84,0,0,39,10,0,0,4,0,0,5,0
개대장,21,0,0,2,13,5,10,34,0,0,58,3,0,0,2,0,0,5,0
정복동,40,0,0,4,9,12,43,84,0,0,64,5,0,0,3,0,0,5,0
sloveap,28,0,0,3,26,13,3,97,0,0,26,6,0,0,2,0,0,0,0
성지은남편,28,0,0,3,7,11,163,44,0,0,24,6,29,0,12,29,0,0,1
스타킹,8,0,0,2,13,1,67,89,0,0,14,2,0,0,2,0,0,0,0
오빠왔어,11,0,0,4,11,55,24,54,0,0,11,8,11,0,3,11,0,5,1
이그드라,26,0,0,2,14,1,117,24,0,0,3,3,0,0,0,0,0,5,0
MSW,32,0,0,5,8,21,98,79,0,0,43,7,8,0,14,8,0,0,0
바나나도둑,4,0,0,3,12,21,12,109,0,0,2,1,0,0,1,0,1,5,0
살루만,13,0,0,2,13,28,2,105,0,0,17,4,0,0,0,0,0,5,0
Euiseok,55,0,0,2,16,6,56,51,0,0,18,4,0,1,1,0,0,5,0
명랑태랑,17,0,0,3,8,2,24,84,0,0,27,5,10,0,0,10,0,5,0
아행힝행홍,9,0,0,10,11,24,35,63,0,0,10,5,27,1,0,27,1,4,0
노아르미,25,0,0,3,19,32,103,47,0,0,52,11,4,0,0,4,1,5,1
이등병,20,0,0,2,9,1,75,56,0,0,129,4,0,0,0,0,0,5,0
피딩,17,0,0,3,6,5,16,73,0,0,14,7,11,4,0,11,0,5,0
고구마리터치,39,0,0,3,6,63,4,139,0,0,8,7,46,2,0,46,2,4,0
채월야,18,0,0,4,9,1,142,50,0,0,22,5,0,4,1,0,2,2,0
슈슈슉,28,0,0,3,10,33,125,82,0,0,30,9,0,4,1,0,0,5,0
인생의허들,23,0,0,2,9,6,76,37,0,0,31,7,8,0,2,8,0,5,0
베르미,25,0,0,2,16,2,28,44,0,0,33,16,2,0,3,2,0,5,0
오라버니만세,13,0,0,8,13,23,4,191,0,0,16,5,4,4,4,4,0,0,0
좀비킬러,39,0,0,8,5,7,58,145,0,0,5,0,40,0,0,40,1,4,1
soodal,1,0,0,2,7,6,64,79,0,0,17,3,0,8,0,0,0,5,0
견공댁자제붐,20,0,0,3,13,10,10,91,0,0,11,9,1,1,1,1,0,5,1
츠리,38,0,0,4,33,37,77,129,0,0,66,10,0,0,0,0,0,5,0
뇌동,33,0,0,3,10,17,128,64,0,0,30,10,3,3,5,3,0,0,0
리버스할아브,6,0,0,3,14,7,77,43,0,0,13,7,46,0,4,46,0,5,0
이부장,22,0,0,3,12,6,13,160,0,0,12,6,6,5,0,6,3,0,1
수원,67,0,0,6,3,2,188,727,0,0,54,16,0,4,35,0,1,6,1
흑밤성,21,0,0,3,11,1,113,42,0,0,80,4,1,0,0,1,0,5,0
해킨토끼,33,0,0,2,12,1,0,111,0,0,19,4,1,0,0,1,0,4,0
미스터K,32,0,0,2,28,2,67,50,0,0,24,7,0,0,3,0,0,5,0
자바용,12,0,0,10,9,9,8,84,0,0,12,4,0,5,0,0,2,0,0
GaMulCi,0,0,0,3,10,1,48,126,0,0,27,0,4,0,0,4,1,5,0
UDT,10,0,0,2,6,10,37,69,0,0,24,14,11,0,4,11,1,0,1
첫하이브,30,0,0,4,17,9,63,74,0,0,22,0,1,0,1,1,0,5,0
진도백구,15,0,0,4,8,7,4,104,0,0,36,4,3,2,3,3,0,1,0
라꾸,23,0,0,11,10,13,27,111,0,0,10,6,8,0,7,8,2,0,0
파프리카맛,44,0,0,3,12,1,67,50,0,0,38,4,1,2,0,1,1,5,0
형우띠띠월드컵,12,0,0,8,17,41,33,121,0,0,5,3,57,0,0,57,2,0,0
탐관오리,48,0,0,3,14,2,47,87,0,0,33,0,2,0,2,2,0,0,0
맨들맨들,59,39,0,4,22,22,206,162,0,0,90,25,0,0,18,0,0,6,1
맥딜,17,0,0,5,14,1,271,80,0,0,50,16,8,0,8,8,1,5,1
한스타,43,0,0,2,11,1,88,46,0,0,13,0,0,0,0,0,2,5,0
라크라,16,0,0,2,14,16,11,41,0,0,61,12,20,0,7,20,1,0,0
태화님,21,0,0,3,13,9,54,72,0,0,41,6,22,2,0,22,3,0,0
무신진,17,0,0,7,6,1,87,35,0,0,39,8,12,1,8,12,1,0,1
김삿갓,6,0,0,2,6,1,6,140,0,0,18,9,6,0,0,6,1,0,0
패잔병,17,0,0,3,21,10,62,82,0,0,24,7,0,0,0,0,1,0,0
불조개,10,0,0,1,10,13,51,32,0,0,57,1,26,0,0,26,0,5,0
Destroyer,7,0,0,4,17,23,87,130,0,0,7,11,7,0,1,7,0,5,0
protoss,22,0,0,3,14,2,75,47,0,0,98,13,25,0,9,25,0,5,0
진실의방,26,0,0,3,21,2,72,107,0,0,38,11,5,2,3,5,1,5,1
피얀,19,0,0,3,11,14,77,115,0,0,18,6,28,0,1,28,0,5,0
후쿠야마쥰,16,0,0,4,7,2,43,135,0,0,27,10,0,1,0,0,0,4,0
메르시,31,0,0,2,14,1,97,46,0,0,131,7,0,6,4,0,1,5,0
큐큐동생,10,0,0,5,7,9,99,35,0,0,34,9,0,1,3,0,1,5,0
지송,14,0,0,3,13,4,94,79,0,0,12,2,14,0,2,14,0,5,0
대이융,11,0,0,3,17,1,103,63,0,0,10,9,12,0,1,12,1,0,0
myway,34,0,0,2,22,0,77,44,0,0,35,4,3,0,1,3,0,0,0
kantthrw,13,0,0,3,7,5,31,83,0,0,26,4,5,3,2,5,1,0,0
청월영,7,0,0,13,11,1,106,49,0,0,26,7,0,0,3,0,2,0,0
지푸라기,10,0,0,4,6,1,52,66,0,0,43,9,8,4,1,8,1,4,0
루미,41,0,0,3,22,0,26,68,0,0,15,0,1,2,0,1,2,0,0
DREAM,8,0,0,2,12,10,67,34,0,0,29,4,0,0,14,0,0,5,0
먼저간다,17,0,0,4,11,7,59,37,0,0,33,13,24,0,4,24,1,0,0
구원의이기,17,0,0,2,7,6,67,70,0,0,32,7,4,0,0,4,1,5,0
허니버터칩,33,0,0,2,6,2,4,106,0,0,19,4,1,0,0,1,0,0,0
워해머,14,0,0,11,4,2,43,60,0,0,11,5,0,0,2,0,2,0,0
지연사랑08,23,0,0,1,11,1,2,101,0,0,30,5,19,0,1,19,1,5,1
테스토니,15,3,0,4,7,2,10,127,0,0,31,6,10,0,0,10,0,0,0
김영칠,12,0,0,3,12,1,135,39,0,0,17,9,0,0,4,0,1,0,0
nam707,16,0,0,3,14,9,80,34,0,0,12,3,5,0,1,5,1,5,1
나라장터,1,0,0,2,11,21,103,55,0,0,15,4,0,4,0,0,1,0,0
Lastsong,13,0,0,5,8,17,442,71,0,0,21,18,0,2,10,0,2,5,1
아르테인,22,0,0,2,15,31,55,57,0,0,19,6,0,0,3,0,0,0,1
민채뚱이,14,0,0,2,11,19,32,96,0,0,23,4,3,2,0,3,3,5,0
용진,23,0,0,2,14,7,11,52,0,0,18,5,2,4,0,2,0,0,0
에렌,18,0,0,2,12,1,70,59,0,0,33,5,0,0,0,0,2,5,0
켄시로,26,0,0,3,8,1,82,46,0,0,42,3,18,0,8,18,0,5,1
아빠곰,19,0,0,2,14,5,64,33,0,0,20,7,14,0,4,14,0,0,1
기쁨,9,0,0,2,5,5,87,56,0,0,26,7,5,5,1,5,1,4,0
DORU,9,0,0,1,17,2,60,66,0,0,25,10,0,0,0,0,2,5,0
찬바람,10,0,0,4,14,3,23,124,0,0,31,10,6,0,3,6,0,5,1
쏭블리,14,0,0,4,16,33,105,36,0,0,34,0,17,3,4,17,0,5,1
허베이더,22,0,0,3,11,9,112,31,0,0,4,3,0,0,3,0,1,5,0
Legion,33,0,0,1,14,3,38,57,0,0,16,13,0,0,1,0,1,5,1
바오야,22,0,0,2,11,9,51,75,0,0,32,11,0,0,0,0,1,5,1
사이버장군,12,0,0,2,9,6,7,50,0,0,45,15,5,1,0,5,1,1,1
스콜피온,19,0,0,4,26,2,139,49,0,0,21,8,5,2,4,5,1,5,1
바림,18,0,0,3,16,5,193,46,0,0,30,8,17,0,1,17,0,5,0
앙저의게임,6,0,0,2,7,4,103,68,0,0,19,1,6,0,1,6,0,0,0
벌집탄,15,0,0,2,16,1,77,63,0,0,28,3,3,0,1,3,1,0,0
호랑,2,0,0,4,9,2,178,29,0,0,38,6,0,2,5,0,0,0,1
유라,8,0,0,2,9,3,135,37,0,0,17,9,18,2,2,18,1,5,1
준한,23,0,0,5,8,8,112,111,0,0,18,10,21,0,7,21,1,5,0
양곱창,42,0,0,3,16,51,44,85,0,0,49,9,0,0,3,0,0,5,1
kalliun,22,0,0,2,15,12,62,54,0,0,13,4,0,0,2,0,0,5,0
꼬마귀신,26,0,0,2,13,9,2,54,0,0,10,6,15,0,2,15,1,5,0
걸리버,29,0,0,5,11,4,98,28,0,0,32,7,3,3,0,3,1,5,0
보라구마,16,0,0,2,7,8,23,54,0,0,33,6,0,0,1,0,2,5,1
HoiT,15,0,0,2,12,2,84,29,0,0,56,15,25,6,0,25,3,5,0
성대리님,23,0,0,2,11,7,4,129,0,0,23,6,0,0,0,0,1,0,0
하2브,10,0,0,3,7,12,92,40,0,0,25,6,47,0,0,47,1,5,0
나엘,19,0,0,2,9,5,90,44,0,0,31,4,2,1,3,2,0,3,0
같이살자,20,0,0,2,14,1,49,80,0,0,30,4,2,1,0,2,0,5,0
쩔박,50,0,0,7,9,3,31,141,0,0,8,10,4,1,1,4,0,4,0
순신,10,0,0,12,11,3,93,34,0,0,9,5,6,1,1,6,3,0,0
니어녀,24,0,0,6,9,11,65,48,0,0,10,7,2,1,2,2,0,4,0
갓할배님,39,0,0,2,26,1,82,49,0,0,33,3,4,0,0,4,1,5,0
크래쉬,19,0,0,3,14,6,95,45,0,0,2,4,0,5,1,0,0,5,0
할망,4,0,0,2,8,0,48,52,0,0,44,7,0,0,2,0,0,5,0
황빡구,12,0,0,3,27,6,102,15,0,0,45,3,0,1,1,0,0,5,0
골드핑거,38,0,0,3,17,9,62,75,0,0,21,6,1,0,5,1,0,5,0
랄라,32,0,0,3,10,50,99,73,0,0,11,13,53,0,9,53,0,5,0
카록,0,0,0,3,12,31,95,32,0,0,38,11,2,1,0,2,1,5,0
천년동화,20,0,0,10,4,4,32,68,0,0,19,3,3,0,3,3,2,0,0
아라차카,30,0,0,3,12,1,33,58,0,0,8,3,1,0,0,1,1,5,0
깨준이,19,0,0,3,15,8,65,103,0,0,28,4,0,0,0,0,0,5,0
영비,28,0,0,3,11,3,168,34,0,0,43,7,0,0,2,0,1,5,0
너의이쁜사탕,25,0,0,4,9,5,94,27,0,0,36,10,3,0,1,3,0,5,0
개성,18,0,0,2,19,1,26,91,0,0,54,11,0,0,0,0,0,5,0
광전사사령관,29,0,0,3,9,11,136,15,0,0,27,5,6,0,0,6,0,5,0
빅호,28,0,0,2,26,4,90,29,0,0,24,3,0,0,1,0,0,5,0
봉봉이,11,0,0,2,15,5,77,55,0,0,45,3,0,2,1,0,1,0,0
Gr8,20,0,0,3,8,29,65,75,0,0,46,3,0,0,5,0,0,0,0
하은랑,4,0,0,2,17,10,126,26,0,0,3,3,5,0,0,5,1,0,0
호랭이삼촌,7,0,0,4,10,2,39,103,0,0,12,6,27,0,12,27,1,0,1
Lester,32,0,0,4,11,0,51,68,0,0,11,0,1,0,0,1,0,5,0
정글,31,0,0,2,9,2,52,164,0,0,26,6,2,0,0,2,0,1,0
아야아야해,18,0,0,2,23,3,84,25,0,0,77,3,12,3,0,12,1,5,0
코드2514,28,0,0,3,11,2,97,18,0,0,26,4,0,5,0,0,1,5,1
할아브디,56,0,0,3,16,0,0,101,0,0,19,4,0,4,1,0,3,0,0
조지러고고,37,0,0,4,15,7,77,48,0,0,11,11,29,2,0,29,1,0,0
개영훈,25,0,0,2,15,1,4,89,0,0,50,13,0,0,0,0,0,0,0
덕구,3,0,0,2,21,1,97,26,0,0,90,4,0,0,0,0,1,5,1
코드라비,32,0,0,2,15,12,108,29,0,0,14,3,0,0,0,0,0,5,1
추억속에사는남자,7,0,0,3,13,3,129,16,0,0,13,8,10,0,1,10,0,5,0
서비,16,0,0,2,8,1,49,80,0,0,29,6,6,0,1,6,1,5,0
당수록문,18,0,0,2,16,2,38,15,0,0,62,3,6,0,0,6,0,5,0
박승호부장,99,0,0,1,17,2,4,67,0,0,26,3,0,1,0,0,1,5,0
지민빵,17,0,0,0,12,15,2,30,0,0,55,7,0,0,1,0,1,5,0
별헤는밤,17,0,0,2,8,4,65,84,0,0,11,2,3,3,0,3,0,5,0
화사한,6,0,0,3,10,34,128,33,0,0,6,5,0,0,2,0,0,0,0
사나미나다현채영쯔위,34,0,0,2,19,1,55,94,0,0,82,7,0,0,2,0,1,5,0
꼴두기,36,0,0,2,33,9,79,59,0,0,8,6,9,4,0,9,3,5,0
전차,10,0,0,3,16,25,88,82,0,0,10,4,0,0,1,0,1,5,0
sean0910,14,0,0,3,19,4,15,62,0,0,19,3,0,0,0,0,1,0,0
kaname,5,0,0,2,11,11,68,65,0,0,17,3,2,0,0,2,1,0,0
피요,9,0,0,2,10,1,119,3,0,0,44,7,0,8,0,0,3,5,0
스칼렛요한슨,32,0,0,4,12,9,80,73,0,0,35,7,6,3,1,6,2,5,0
리봉,24,0,0,2,16,1,119,10,0,0,7,5,0,2,0,0,2,5,0
청소장인,15,0,0,3,8,5,114,48,0,0,9,6,0,8,2,0,2,5,0
머리속연가시,64,0,0,5,9,4,39,142,0,0,38,3,0,1,12,0,2,5,0
진스터2239,17,0,0,3,11,40,6,66,0,0,16,15,3,2,2,3,2,1,0
할아브도베르만,20,0,0,2,23,4,49,110,0,0,25,6,6,0,0,6,1,5,0
쩡이요,16,0,0,13,16,21,69,102,0,0,7,7,0,0,4,0,2,0,0
아쿠마,23,0,0,2,10,16,4,32,0,0,44,8,7,0,0,7,1,5,0
머하느노,15,0,0,3,14,1,10,98,0,0,18,10,2,0,1,2,1,0,0
덕배의양심,1,0,0,2,8,4,53,56,0,0,12,8,17,2,2,17,1,0,0
퐁낭,18,0,0,3,15,6,113,21,0,0,33,19,4,3,3,4,1,5,1
NoMic,2,0,0,2,14,1,72,137,0,0,37,10,3,0,3,3,1,5,0
채모기,10,0,0,3,12,11,97,50,0,0,13,5,0,1,0,0,0,2,0
슈라토,1,0,0,3,10,5,131,42,0,0,22,3,0,0,0,0,1,0,0
유녕이,13,0,0,1,10,1,46,54,0,0,23,4,2,0,0,2,1,5,0
연뮤덕,22,0,0,3,10,9,114,76,0,0,10,2,2,3,0,2,2,5,0
오빠콜,4,0,0,2,10,8,62,59,0,0,4,7,15,0,2,15,1,5,0
GrouchSmurf,7,0,0,2,27,7,65,38,0,0,30,4,0,0,1,0,1,5,0
인포마스터,25,0,0,2,13,5,86,62,0,0,35,3,20,0,0,20,0,0,0
EOS,47,0,0,2,30,13,82,99,0,0,11,3,0,0,0,0,1,5,0
BIO,21,0,0,2,18,11,24,46,0,0,5,4,0,2,1,0,3,5,0
곤충학자,31,0,0,2,27,42,67,98,0,0,31,4,1,0,0,1,2,4,0
새코밍,41,0,0,3,9,99,130,20,0,0,25,4,1,0,0,1,1,5,0
종종종,25,0,0,2,13,1,6,88,0,0,11,2,0,0,1,0,1,5,0
SJBA,13,0,0,4,10,12,30,115,0,0,4,6,14,2,0,14,1,5,0
아리에르,29,0,0,2,13,0,79,28,0,0,37,3,3,0,0,3,1,5,1
트와이스,17,0,0,2,16,1,118,23,0,0,28,20,0,0,0,0,0,5,1
아임유키,16,0,0,4,10,7,137,42,0,0,22,9,0,3,1,0,1,0,1
옥면,26,0,0,3,27,1,33,116,0,0,78,12,0,3,6,0,1,5,1
Rudeka,10,0,0,2,10,6,91,38,0,0,17,3,3,1,0,3,2,5,1
걔장수,9,0,0,2,13,2,100,69,0,0,4,4,0,0,2,0,1,5,1
진오,14,0,0,2,11,0,77,59,0,0,20,3,0,1,0,0,2,0,0
넨디,29,0,0,3,9,13,22,128,0,0,14,3,0,0,6,0,0,5,0
약탈자,21,0,0,2,9,31,73,66,0,0,24,7,4,2,0,4,0,5,0
꽃돌,31,0,0,3,14,15,28,41,0,0,18,18,8,0,2,8,0,5,0
이루어진,0,0,0,2,10,0,84,58,0,0,12,3,12,0,0,12,1,0,0
엔도르시,23,0,0,3,15,1,170,27,0,0,52,4,0,0,2,0,1,5,1
윌스,28,0,0,2,19,1,67,64,0,0,37,16,0,0,4,0,1,0,0
죽빵,20,0,0,2,16,1,116,21,0,0,20,8,0,0,0,0,1,5,0
아주하얀늑대,34,0,0,3,25,6,76,39,0,0,15,0,0,1,0,0,1,0,0
면봉,10,0,0,2,15,6,76,66,0,0,42,6,0,1,0,0,0,5,0
블랙아머,34,0,0,4,24,1,115,63,0,0,35,6,0,0,4,0,0,5,1
예수,29,0,0,2,15,3,113,21,0,0,18,6,0,0,0,0,1,5,0
구너,20,0,0,12,12,14,47,77,0,0,6,4,6,0,2,6,2,0,1
공수부대,24,0,0,3,14,2,25,118,0,0,64,9,0,0,0,0,2,5,0
슈슝,28,0,0,9,9,3,16,72,0,0,9,3,1,0,1,1,2,0,0
뿌잉뿌잉,13,0,0,4,11,18,77,42,0,0,5,5,13,0,0,13,0,0,0
깔푸봉재,28,0,0,2,13,6,2,73,0,0,52,3,0,0,0,0,0,5,0
의령킹카,21,0,0,3,15,3,81,67,0,0,8,3,3,0,1,3,0,3,0
인생은그런것,27,0,0,2,20,1,70,55,0,0,10,3,0,1,7,0,0,5,0
Even,7,0,0,3,9,13,41,52,0,0,46,10,19,1,1,19,0,5,0
동진,25,0,0,1,18,1,2,94,0,0,71,5,0,7,0,0,1,5,0
조경훈,25,0,0,3,9,1,102,16,0,0,3,4,0,2,0,0,1,5,0
김규동,12,0,0,2,12,3,52,66,0,0,10,7,1,1,4,1,1,0,0
도르소이,26,0,0,8,9,18,48,90,0,0,20,15,23,0,1,23,1,4,0
나에루,10,0,0,2,14,12,82,42,0,0,23,14,0,2,0,0,3,5,0
우끼끼숑,10,0,0,3,13,4,98,53,0,0,12,7,0,0,0,0,0,0,0
브지,0,0,0,2,9,16,68,47,0,0,27,9,3,0,0,3,1,5,0
할아부,35,0,0,1,21,16,28,62,0,0,41,3,0,2,2,0,1,5,0
항봉무녀,0,0,0,3,9,7,86,77,0,0,63,12,78,0,2,78,0,5,0
난걍나,4,0,0,2,8,1,100,29,0,0,50,5,0,0,3,0,1,0,0
사린마,19,0,0,2,11,1,129,42,0,0,17,3,0,0,0,0,4,5,0
쏘웇스터,46,0,0,3,15,9,39,129,0,0,3,4,0,0,1,0,0,5,0
국보,12,0,0,2,12,1,110,10,0,0,35,6,0,0,0,0,0,5,0
알라야,24,0,0,2,20,3,82,70,0,0,27,2,19,4,0,19,2,5,0
아벼벼,42,0,0,2,34,1,137,69,0,0,23,5,0,0,6,0,1,5,1
한글은열두자까지입력가능,11,0,0,2,10,1,79,85,0,0,44,6,0,0,1,0,1,6,0
콩콩,15,0,0,1,16,9,90,22,0,0,18,6,0,0,0,0,0,5,0
JD,23,0,0,3,17,1,102,66,0,0,56,9,0,0,7,0,3,5,0
미오,30,0,0,3,13,5,153,22,0,0,12,7,5,0,0,5,2,5,1
돌고래,34,0,0,1,15,29,36,55,0,0,5,4,16,0,1,16,2,5,0
돌격st,11,0,0,3,15,1,98,22,0,0,33,15,2,0,1,2,0,5,0
Mas,22,0,0,3,5,17,83,36,0,0,12,5,14,5,0,14,3,0,0
미적분,6,0,0,2,6,18,74,35,0,0,40,3,1,0,0,1,2,0,0
영or,19,0,0,4,24,4,87,94,0,0,24,2,0,2,2,0,2,0,1
죄송,21,0,0,1,8,13,43,50,0,0,55,7,0,0,0,0,1,5,0
졸음송,11,0,0,3,11,3,100,39,0,0,25,2,5,5,0,5,2,5,0
TosCmp,7,0,0,2,10,10,36,77,0,0,9,4,1,4,0,1,0,0,0
바부팅이내꺼,12,0,0,2,17,4,89,12,0,0,8,4,0,2,0,0,0,5,0
할아브사기캐,33,0,0,3,12,1,53,102,0,0,3,6,19,0,0,19,1,5,0
할미브,24,0,0,2,22,7,74,51,0,0,25,5,0,0,1,0,1,5,0
무리양,21,0,0,3,5,4,20,60,0,0,21,6,12,0,1,12,1,0,0
외계인,9,0,0,4,13,6,163,44,0,0,38,10,0,0,0,0,1,5,0
꽃추참치,17,0,0,2,9,6,57,136,0,0,58,6,5,1,0,5,0,5,0
연초롱,43,0,0,2,16,1,71,30,0,0,22,8,0,0,3,0,0,5,0
하제마애,24,0,0,12,8,23,97,50,0,0,7,3,6,2,3,6,2,0,0
피케,18,0,0,4,17,1,38,73,0,0,11,3,0,0,4,0,0,5,0
트래직코미디,28,0,0,2,16,5,9,78,0,0,4,5,4,0,0,4,2,0,0
순식간에,21,0,0,3,15,1,116,69,0,0,55,9,7,0,1,7,1,5,0
토레기모찌,11,0,0,3,14,4,126,8,0,0,17,6,0,0,1,0,0,5,0
응캬,8,0,0,5,8,22,118,56,0,0,16,7,1,0,4,1,0,0,0
락교,14,0,0,3,14,40,46,73,0,0,34,9,3,0,0,3,0,5,0
토마스는없다,39,0,0,3,25,3,4,132,0,0,21,2,2,0,0,2,1,5,0
엽타크,9,0,0,4,10,26,4,159,0,0,4,10,0,0,0,0,1,0,0
엘로나,6,0,0,2,14,4,108,16,0,0,42,7,0,0,2,0,1,0,0
니똥칼라똥,17,0,0,3,27,29,110,48,0,0,17,6,0,0,0,0,0,5,1
호롤로로롤,15,0,0,5,18,25,128,32,0,0,6,17,0,0,3,0,0,0,1
개구쟁oI,43,0,0,1,19,9,50,28,0,0,47,9,0,0,0,0,2,5,0
조빵매,22,0,0,13,9,2,97,132,0,0,23,14,29,0,10,29,3,5,1
이사무,7,0,0,3,11,2,71,83,0,0,9,8,0,0,2,0,0,5,0
폭풍보,7,0,0,2,8,1,109,19,0,0,8,8,0,0,0,0,1,5,0
사랑의소녀,47,0,0,2,27,1,105,23,0,0,18,6,0,0,2,0,0,5,0
토모모,26,0,0,3,25,21,101,34,0,0,8,0,0,0,0,0,0,4,0
으아,38,0,0,3,16,3,42,59,0,0,26,19,0,0,3,0,0,0,0
할아브,22,0,0,2,19,0,98,80,0,0,28,3,0,0,0,0,1,0,0
이은성회장,15,0,0,3,15,1,151,25,0,0,23,3,1,1,1,1,0,5,0
홍제동맛집좀,6,0,0,5,7,17,116,95,0,0,25,6,4,0,4,4,2,5,0
핸섬신,31,0,0,1,24,4,26,30,0,0,39,5,2,1,2,2,1,5,1
귀차나,27,0,0,2,28,0,92,21,0,0,25,7,2,0,0,2,0,5,0
듬듬,26,0,0,2,20,1,82,72,0,0,45,8,1,0,1,1,0,0,1
잡히면죽인다,40,0,0,3,20,7,97,55,0,0,12,9,0,4,0,0,0,5,0
사하보HB,12,0,0,2,13,10,89,48,0,0,27,6,2,0,1,2,1,5,0
파파,11,0,0,2,11,0,109,43,0,0,27,11,0,2,0,0,1,5,1
대year,18,0,0,4,10,7,57,59,0,0,31,7,10,0,0,10,0,0,0
fahrenheit,22,0,0,3,19,14,103,29,0,0,10,8,3,0,2,3,1,5,0
크으르으릉,7,0,0,2,26,7,90,32,0,0,69,6,6,0,0,6,0,5,0
보농이,83,0,0,2,11,0,87,21,0,0,52,30,0,0,1,0,0,5,0
시디,3,0,0,7,10,15,93,99,0,0,27,5,28,0,0,28,0,0,1
gustav82,21,0,0,2,12,0,50,70,0,0,11,0,7,0,2,7,0,5,1
태을이,7,0,0,2,11,16,76,82,0,0,6,19,6,0,4,6,1,0,0
셀틱,10,0,0,3,8,12,104,72,0,0,19,5,32,0,1,32,0,5,1
쯔위,12,0,0,3,9,8,101,45,0,0,19,7,0,0,2,0,2,0,0
담기,27,0,0,3,11,4,152,51,0,0,29,6,7,0,1,7,0,5,0
조간지,13,0,0,10,7,2,68,47,0,0,7,5,0,0,0,0,3,0,0
gajangsu,11,0,0,5,10,27,45,79,0,0,37,3,6,3,3,6,0,5,0
노갱,17,0,0,2,20,1,101,33,0,0,4,6,0,0,0,0,2,5,0
리버킹,18,0,0,2,21,1,107,0,0,0,104,3,1,3,0,1,0,5,0
쭌델,17,0,0,3,18,10,62,73,0,0,5,3,11,0,0,11,2,0,0
검정치마,17,0,0,4,17,3,49,126,0,0,35,11,0,4,1,0,4,5,0
김과장입니다,32,0,0,3,23,18,4,120,0,0,52,5,0,2,8,0,1,5,0
style7836,19,0,0,3,16,11,109,27,0,0,17,3,3,0,4,3,1,5,0
가리,23,0,0,2,11,15,78,45,0,0,5,6,5,4,0,5,1,5,0
명륜가,18,0,0,5,36,2,22,133,0,0,13,10,12,3,2,12,0,5,0
카스Bears,18,0,0,2,12,14,156,19,0,0,52,14,0,0,5,0,1,5,1
반달,23,0,0,2,14,1,98,25,0,0,39,4,0,0,5,0,0,5,0
엘킴,87,0,0,2,18,1,50,60,0,0,41,5,0,3,3,0,0,5,0
iopi72,30,0,0,2,12,2,38,58,0,0,25,9,0,3,0,0,1,5,0
오빵맨,24,0,0,2,16,1,112,30,0,0,22,4,3,0,0,3,1,5,0
후니당,13,0,0,4,10,8,12,117,0,0,25,8,0,0,0,0,2,0,1
매너1호,10,0,0,4,17,1,2,82,0,0,5,4,0,2,0,0,0,5,0
오로치마루,15,0,0,3,9,4,15,104,0,0,10,4,2,0,0,2,0,5,0
밀려오는샷빨,23,0,0,4,19,16,102,67,0,0,15,6,1,4,3,1,1,5,0
그린티라떼,17,0,0,2,7,66,46,72,0,0,28,5,0,0,0,0,2,0,0
뱅군,41,0,0,2,8,46,44,31,0,0,15,3,0,2,15,0,1,5,0
그라피카,35,0,0,2,19,7,55,36,0,0,24,8,0,0,0,0,0,5,0
좀비,0,0,0,4,5,4,124,27,0,0,27,6,0,0,0,0,2,5,0
김씨최고,20,0,0,6,11,22,41,84,0,0,18,7,25,5,6,25,1,5,0
초현,39,0,0,3,10,4,237,47,0,0,61,11,0,3,5,0,2,6,1
진과장,15,0,0,2,6,2,91,26,0,0,10,4,0,0,0,0,1,5,0
불멸,37,0,0,4,22,18,176,87,0,0,27,6,0,2,1,0,1,5,0
최지환,24,0,0,3,14,15,101,65,0,0,41,4,0,0,5,0,0,0,0
케찹마요,43,0,0,2,29,1,130,10,0,0,30,13,0,0,1,0,2,5,0
등긁어줘,9,0,0,2,23,1,47,70,0,0,63,18,0,0,0,0,0,0,0
나라,19,0,0,2,16,7,41,86,0,0,2,5,0,1,1,0,1,5,0
아기루팡,130,0,0,3,10,2,26,57,0,0,9,5,18,4,5,18,2,0,1
여왕대리버거,26,0,0,3,12,2,24,88,0,0,11,3,17,0,1,17,0,4,1
RedTarget,13,0,0,2,21,8,12,84,0,0,20,7,0,0,0,0,1,5,0
아우디토레,25,0,0,7,12,30,34,104,0,0,10,10,5,4,0,5,1,4,0
클린스만,33,0,0,2,12,3,82,48,0,0,3,5,0,1,0,0,1,1,0
퀸성대리,27,0,0,2,17,4,85,33,0,0,14,15,2,0,0,2,0,5,0
나야나gg,13,0,0,1,14,3,8,57,0,0,67,13,2,0,0,2,1,5,0
k2su,27,0,0,11,11,5,52,64,0,0,6,6,12,0,0,12,1,0,0
엠파스,30,0,0,2,16,13,90,100,0,0,16,6,30,0,3,30,0,0,0
깡처니,14,0,0,2,7,6,88,35,0,0,52,3,0,0,3,0,1,0,0
지나니,18,0,0,3,8,8,153,30,0,0,46,4,3,0,6,3,0,5,0
검황,31,0,0,3,13,27,118,83,0,0,15,3,34,4,3,34,1,0,0
걱정반기대반,21,0,0,4,23,7,46,67,0,0,10,4,8,0,2,8,0,0,0
보드랍다,7,0,0,3,22,39,3,48,0,0,7,10,0,1,3,0,1,0,0
하이브o,0,0,0,2,19,4,42,162,0,0,3,10,2,0,0,2,1,5,0
프론티어,38,0,0,2,20,37,89,57,0,0,34,17,19,1,0,19,0,5,1
야채와채소,30,0,0,2,18,9,2,126,0,0,6,7,0,4,2,0,0,5,1
대중,41,0,0,2,49,1,52,138,0,0,38,11,0,2,2,0,1,0,1
Retina,8,0,0,2,5,1,80,76,0,0,7,3,3,0,0,3,1,5,0
취돌이,35,0,0,2,27,8,91,33,0,0,9,8,0,0,0,0,2,5,0
쌈개,20,0,0,2,10,11,96,49,0,0,27,5,0,3,1,0,2,5,0
lostdragon,11,0,0,3,12,7,105,29,0,0,22,5,0,4,4,0,2,0,0
용두두두,71,0,0,2,13,1,2,50,0,0,65,18,7,3,7,7,2,5,0
바람처럼,29,0,0,3,21,3,98,29,0,0,15,3,0,0,2,0,1,0,0
주유공근,12,0,0,2,12,14,80,26,0,0,9,10,0,0,0,0,0,5,0
빛의속도로,6,0,0,9,6,14,42,79,0,0,8,3,4,0,0,4,1,0,0
봐봐,33,0,0,2,10,34,28,14,0,0,18,17,0,1,5,0,1,4,1
도깨비빤쮸,8,0,0,2,10,2,121,30,0,0,23,6,0,2,0,0,2,5,0
신곡,5,0,0,3,10,11,76,30,0,0,28,3,1,5,9,1,2,5,0
엘드,10,0,0,5,12,41,70,75,0,0,6,5,10,0,13,10,0,0,0
개장수되고픔,38,0,0,1,15,3,2,13,0,0,76,12,5,0,1,5,1,5,1
성대리원샷,11,0,0,3,13,2,101,44,0,0,55,7,2,0,0,2,1,5,1
미선찡,18,0,0,2,8,31,71,27,0,0,4,11,10,2,0,10,0,5,0
열린,23,0,0,4,14,6,106,85,0,0,5,8,27,0,4,27,0,0,0
구블리,37,0,0,2,9,23,28,27,0,0,19,8,0,4,1,0,1,5,1
효르띠,12,0,0,3,8,3,56,39,0,0,28,6,0,0,6,0,0,5,0
워락,30,0,0,2,10,6,86,18,0,0,40,4,0,0,3,0,0,5,0
설민석,18,0,0,3,13,3,73,20,0,0,10,10,0,0,6,0,0,5,0
레아,45,0,0,2,8,3,23,30,0,0,21,3,0,1,1,0,1,0,0
지빠귀,24,0,0,2,13,5,115,57,0,0,69,18,2,1,0,2,1,5,0
SouDark,33,0,0,1,7,9,30,13,0,0,24,10,0,0,0,0,1,5,0
수녀,44,0,0,1,15,31,30,91,0,0,140,12,0,0,0,0,0,5,0
녹색곰,6,0,0,2,8,12,3,86,0,0,9,3,6,0,0,6,3,0,0
루브,0,0,0,2,15,3,117,41,0,0,3,6,9,2,0,9,2,5,0
대못과오함마,1,0,0,2,5,10,78,58,0,0,11,2,0,0,1,0,0,0,0
건스코,16,0,0,4,8,3,85,31,0,0,35,3,1,1,0,1,0,1,0
카르페디앰,24,0,0,2,10,12,66,40,0,0,18,4,0,0,0,0,0,0,0
망둥,22,0,0,2,11,23,77,66,0,0,7,2,11,0,0,11,0,5,0
뾰로롱천사,1,0,0,2,22,1,3,140,0,0,13,6,0,0,0,0,1,0,0
던슨,18,0,0,2,16,6,69,69,0,0,15,10,14,0,0,14,1,5,0
KR하운드,16,0,0,2,17,6,80,26,0,0,19,5,11,0,1,11,1,5,0
함주임,18,0,0,3,16,8,13,58,0,0,21,4,0,0,3,0,0,0,0
나이뽀,21,0,0,2,13,0,88,51,0,0,31,5,0,2,0,0,3,5,0
공하랑,21,0,0,3,11,18,59,116,0,0,10,8,0,1,2,0,1,5,1
담배피는곰돌이,13,0,0,2,12,28,56,78,0,0,35,9,2,3,1,2,0,5,0
큰별,20,0,0,3,19,1,132,15,0,0,3,12,2,0,0,2,0,5,1
물의요정삼다수,27,0,0,1,24,1,54,44,0,0,79,8,0,0,6,0,1,6,1
꼰지이,18,0,0,4,21,2,59,79,0,0,7,6,0,3,0,0,1,5,0
himm,23,0,0,3,8,2,36,55,0,0,5,9,26,4,3,26,1,0,1
고유,6,0,0,1,18,1,0,62,0,0,21,6,0,0,0,0,0,5,0
나쿤,11,0,0,2,13,1,9,110,0,0,6,3,1,1,2,1,1,3,0
어른,58,0,0,3,17,6,2,164,0,0,14,6,4,0,0,4,0,5,0
먼데이키즈,31,0,0,2,15,1,83,61,0,0,36,12,15,0,1,15,0,5,0
인수숑숑,45,0,0,3,4,6,43,29,0,0,22,4,15,0,4,15,0,0,0
현실벌레,21,0,0,1,18,3,46,51,0,0,34,4,7,1,0,7,2,5,0
이남사녀아빠,12,0,0,3,12,23,140,14,0,0,27,3,0,0,1,0,0,5,1
dingli,21,0,0,3,9,4,88,17,0,0,30,6,2,1,1,2,1,5,1
올챙이,7,0,0,3,15,22,111,30,0,0,43,3,0,0,1,0,0,5,0
지갱,2,0,0,2,4,20,66,82,0,0,15,4,23,2,11,23,1,0,1
모젤,20,0,0,3,8,2,63,105,0,0,82,6,0,0,0,0,1,5,0
이발랑,7,0,0,2,17,11,2,73,0,0,9,2,0,0,10,0,0,5,0
아사이,30,0,0,2,14,36,15,82,0,0,45,7,50,0,3,50,2,4,1
지우재현,28,0,0,3,30,4,85,55,0,0,10,2,1,0,0,1,1,2,0
막판,13,0,0,2,13,1,51,81,0,0,15,3,0,0,0,0,0,5,0
마라탕,17,0,0,3,13,7,113,39,0,0,4,10,0,0,2,0,1,5,0
모찌,5,0,0,3,8,1,128,25,0,0,25,11,0,1,2,0,2,0,1
바랑가이,0,0,0,2,14,6,44,30,0,0,24,3,0,0,12,0,1,0,0
클론,7,0,0,2,7,1,46,69,0,0,28,4,0,3,0,0,1,5,0
대략난감0,5,0,0,6,27,4,128,69,0,0,5,5,8,2,1,8,0,5,0
광부릉,11,0,0,3,13,1,127,9,0,0,23,4,0,0,12,0,1,0,0
재미진,11,0,0,2,21,3,97,47,0,0,38,5,0,5,1,0,1,5,1
할미,51,0,0,1,22,1,2,91,0,0,11,3,10,0,1,10,2,0,0
맹구,48,0,0,4,23,25,91,138,0,0,37,5,5,4,3,5,1,5,0
마그테리돈,11,0,0,2,16,3,74,62,0,0,19,2,0,1,1,0,1,0,1
따귀,22,0,0,2,16,1,65,76,0,0,22,10,4,0,1,4,2,0,1
토토아링,25,0,0,15,11,4,172,51,0,0,39,11,31,0,4,31,1,0,0
세리크나,54,0,0,1,23,1,42,75,0,0,39,26,0,4,0,0,1,5,1
닥터지,17,0,0,2,12,1,69,90,0,0,30,7,2,0,1,2,0,3,0
마지막한큐,51,0,0,2,13,5,69,61,0,0,23,5,9,0,1,9,0,5,0
주인공은성대리,20,0,0,10,4,13,35,51,0,0,19,5,3,0,3,3,2,0,0
서울점령,39,0,0,9,8,25,90,40,0,0,17,11,9,2,5,9,5,0,1
배아파야,14,0,0,3,11,2,49,73,0,0,10,5,1,0,1,1,0,5,0
도망,18,0,0,1,17,12,27,57,0,0,40,6,1,0,2,1,1,3,0
한화팬,13,0,0,2,11,18,74,62,0,0,11,3,22,1,1,22,2,0,0
방전된피카츄,17,0,0,3,4,9,38,61,0,0,20,6,5,0,1,5,0,5,0
뀨리,16,0,0,2,11,0,71,34,0,0,29,6,2,0,0,2,1,0,0
newshot,12,0,0,2,11,16,2,110,0,0,32,3,0,6,1,0,0,5,0
홍사마,43,0,0,4,7,6,73,40,0,0,35,3,20,4,1,20,1,5,0
진도,30,0,0,2,18,18,103,26,0,0,16,4,0,4,0,0,1,0,0
861215,5,0,0,2,8,7,4,93,0,0,12,20,28,0,0,28,0,0,0
우희,15,0,0,2,13,1,110,23,0,0,40,8,0,0,1,0,1,5,0
알럽쩡,36,0,0,2,8,1,73,103,0,0,25,4,10,0,2,10,3,5,0
악의,8,0,0,3,13,5,135,30,0,0,27,6,0,0,0,0,1,5,0
생존자2,27,0,0,2,12,31,109,34,0,0,54,7,0,4,2,0,0,5,0
김샌디,28,0,0,2,18,4,120,41,0,0,20,3,2,0,0,2,2,5,0
꿀꿀뿡뿡,17,0,0,4,9,13,67,30,0,0,36,4,1,0,0,1,2,5,0
시츄,28,0,0,2,8,10,75,42,0,0,9,4,0,0,0,0,1,5,0
개장수,20,0,0,2,9,1,83,40,0,0,26,6,0,0,0,0,1,5,0
하준,35,0,0,4,7,6,55,42,0,0,4,3,0,2,1,0,1,5,0
주선생,36,0,0,2,9,0,86,9,0,0,34,16,0,1,1,0,0,5,1
항칼,4,0,0,4,7,20,121,79,0,0,18,11,23,0,1,23,2,5,0
카스퍼스키,29,0,0,2,22,2,101,31,0,0,69,6,8,0,0,8,1,5,0
아서코난,16,0,0,1,11,7,69,37,0,0,16,17,1,1,0,1,2,5,0
레어,9,0,0,4,15,3,98,36,0,0,30,9,4,0,3,4,2,5,0
스윙스,28,0,0,3,20,5,71,92,0,0,69,6,6,0,0,6,0,0,0
푸르른자유,20,0,0,1,6,6,10,58,0,0,53,4,0,4,0,0,2,5,0
백골,24,0,0,2,15,1,97,22,0,0,17,5,0,0,0,0,1,5,0
실버불렛,0,0,0,2,18,1,60,61,0,0,24,3,0,0,0,0,2,5,0
천사희,1,0,0,2,24,1,87,47,0,0,21,7,0,2,0,0,1,5,0
여기야,22,0,0,2,11,4,2,60,0,0,58,8,0,0,2,0,2,0,0
스핀무브,43,0,0,4,23,0,143,56,0,0,48,3,23,0,2,23,1,5,1
드발리아,12,0,0,3,10,7,118,32,0,0,16,9,0,0,0,0,2,5,0
철이,30,0,0,3,7,4,216,55,0,0,107,6,0,1,3,0,0,5,1
몽그래,32,0,0,2,16,14,21,83,0,0,21,13,0,2,1,0,2,5,0
멍이,39,0,0,2,11,5,3,139,0,0,22,7,9,0,0,9,1,0,0
붉은독수리,34,0,0,3,12,4,48,24,0,0,26,6,0,0,4,0,0,5,0
그림,19,0,0,1,22,2,70,35,0,0,13,6,9,0,1,9,1,5,0
벌레꼬치,6,0,0,3,12,23,18,92,0,0,4,6,3,4,2,3,1,0,0
KR하이브,14,0,0,2,23,3,113,46,0,0,9,3,6,0,1,6,1,5,0
맛악,20,0,0,2,22,2,64,98,0,0,68,4,7,0,0,7,1,5,0
스팡즈,15,0,0,3,15,9,162,18,0,0,29,5,2,0,7,2,0,0,1
여왕Bee,21,0,0,3,11,5,115,37,0,0,43,17,0,0,1,0,1,5,1
하이브라하이브라,13,0,0,2,22,1,117,7,0,0,76,6,0,0,0,0,0,0,0
밍쥬,19,0,0,1,7,11,47,43,0,0,16,4,0,1,0,0,1,0,0
크헝,53,0,0,2,15,2,2,109,0,0,23,5,0,1,0,0,0,5,0
과장이은성,30,0,0,1,17,24,3,78,0,0,18,3,0,2,0,0,1,5,0
에밀나루드,6,0,0,2,14,2,109,6,0,0,46,6,0,0,0,0,1,5,0
체서,8,0,0,3,3,70,51,36,0,0,20,7,5,0,0,5,1,0,0
호호홀릭,21,0,0,3,19,2,117,54,0,0,23,2,0,4,0,0,0,0,0
개미의매력,14,0,0,9,7,7,13,79,0,0,5,4,2,0,0,2,2,4,0
크리스님,21,0,0,2,9,8,87,44,0,0,16,3,1,4,0,1,0,5,0
호호듀,15,0,0,2,16,10,60,61,0,0,45,7,0,2,1,0,3,5,0
Zip,32,0,0,3,8,1,112,26,0,0,71,4,0,2,4,0,2,0,0
뚜기,17,0,0,3,18,6,97,86,0,0,80,2,0,1,0,0,1,5,0
으히이싸,10,0,0,1,13,1,56,80,0,0,31,4,0,3,0,0,1,5,0
춤추는무,6,0,0,6,8,4,8,90,0,0,20,7,0,0,1,0,1,0,0
유혼,24,0,0,4,16,10,136,12,0,0,21,3,5,4,1,5,2,0,0
뭘봐잉,37,0,0,3,25,2,120,13,0,0,44,15,0,5,0,0,2,5,1
서사,26,0,0,13,8,5,87,89,0,0,5,3,3,2,1,3,2,0,0
답이,32,0,0,3,21,15,15,126,0,0,10,3,0,0,0,0,1,0,0
니들,75,0,0,2,14,30,164,16,0,0,38,9,0,1,2,0,0,6,1
혜리,20,0,0,2,12,5,123,19,0,0,18,3,0,0,0,0,0,5,0
고미,9,0,0,2,10,1,73,49,0,0,3,14,0,3,4,0,1,5,1
대수,55,0,0,2,28,1,35,132,0,0,55,9,0,4,1,0,1,5,0
티모님,23,0,0,11,5,14,69,45,0,0,9,5,15,2,3,15,2,0,0
제니타,9,0,0,2,11,18,91,33,0,0,10,6,0,1,1,0,0,5,1
찌꺼기,47,0,0,2,21,37,36,122,0,0,44,4,8,0,1,8,1,5,0
진뱅,15,0,0,3,6,27,43,43,0,0,38,8,3,1,0,3,1,5,0
제랄이다,10,0,0,3,11,25,57,72,0,0,40,6,0,5,0,0,2,5,0
어쩐지오늘,10,0,0,3,13,1,100,30,0,0,22,4,10,0,0,10,1,0,0
특공맨,19,0,0,2,15,2,71,58,0,0,2,5,2,0,2,2,0,0,0
니면상,10,0,0,2,15,24,111,35,0,0,28,6,3,0,6,3,1,0,0
브레인스토밍,10,0,0,2,8,11,107,43,0,0,22,6,57,2,8,57,1,0,1
개팔아요,21,0,0,2,12,1,84,47,0,0,32,4,0,0,0,0,0,5,0
스파으리탄,8,0,0,1,16,2,53,66,0,0,18,7,11,2,0,11,0,5,0
진리의성대리,18,0,0,5,11,8,38,63,0,0,3,11,1,1,9,1,0,0,0
척사광,21,0,0,2,29,6,57,23,0,0,22,6,0,0,1,0,0,0,0
이젤,36,0,0,7,8,12,87,52,0,0,8,1,12,0,4,12,0,5,1
토루크막토,16,0,0,1,9,3,41,61,0,0,2,7,0,0,0,0,0,5,0
차치,31,0,0,2,19,3,90,29,0,0,44,4,0,0,0,0,0,5,0
형부와처제,6,0,0,2,12,20,28,57,0,0,28,5,0,0,0,0,1,5,0
자영업자,24,0,0,4,20,8,57,64,0,0,16,15,7,0,4,7,1,0,1
개똥형,43,0,0,2,27,5,79,97,0,0,19,4,10,4,0,10,0,0,1
kaze,9,0,0,2,6,4,35,88,0,0,20,3,0,2,0,0,0,0,0
휴먼마드레이,36,0,0,5,6,25,86,73,0,0,36,19,19,7,2,19,1,5,1
원찬나라,27,0,0,2,8,1,67,90,0,0,3,9,0,0,1,0,1,5,0
성빛엘케인,3,0,0,2,12,1,85,30,0,0,18,4,4,0,1,4,0,5,0
흐어허어어어허엉,17,0,0,2,16,1,41,59,0,0,25,15,5,0,5,5,1,5,1
곰둥이사랑,22,0,0,7,12,59,48,112,0,0,10,11,6,2,2,6,1,5,0
마개,35,0,0,4,11,55,45,80,0,0,14,3,6,1,2,6,0,5,0
오월이,11,0,0,4,9,8,64,92,0,0,15,5,17,0,0,17,1,0,0
안라랍비스,23,0,0,3,16,2,106,34,0,0,22,11,0,0,1,0,1,5,0
돈까스피자햄버거,32,0,0,2,24,5,47,21,0,0,26,7,14,0,0,14,0,5,0
바이퍼,64,0,0,3,32,4,81,76,0,0,13,14,0,0,0,0,1,0,0
레이크,34,0,0,4,10,15,31,69,0,0,14,2,6,0,0,6,1,5,0
포링,40,0,0,3,16,9,100,38,0,0,46,6,0,0,6,0,2,5,0
이쿠링,17,0,0,2,22,2,117,8,0,0,29,4,0,2,0,0,1,5,0
가로수그늘,15,0,0,2,13,13,54,28,0,0,58,1,7,2,0,7,0,4,0
개대장,27,0,0,3,14,6,4,83,0,0,31,9,23,2,3,23,1,5,0
정복동,17,0,0,2,12,0,66,31,0,0,37,2,0,0,5,0,1,0,0
딕야스퍼스,25,0,0,3,9,5,136,35,0,0,68,10,2,4,1,2,2,5,0
스타킹,5,0,0,3,15,0,121,118,0,0,82,9,0,0,0,0,3,0,0
이그드라,34,0,0,2,12,4,85,33,0,0,104,4,6,1,3,6,1,5,0
MSW,21,0,0,2,6,4,77,44,0,0,62,5,4,0,7,4,0,0,0
한쪼딩,22,0,0,5,7,1,62,96,0,0,22,3,0,0,1,0,0,5,0
소액결제,18,0,0,4,7,34,15,131,0,0,25,7,5,0,0,5,1,0,0
서초,25,0,0,3,5,57,29,64,0,0,4,14,0,1,0,0,0,4,0
푸들,15,0,0,2,25,1,93,89,0,0,17,8,7,5,0,7,3,0,0
윈터스,23,0,0,2,15,10,24,110,0,0,12,7,11,8,2,11,3,0,0
고구마리터치,29,0,0,1,18,1,2,27,0,0,21,4,0,2,0,0,0,5,0
바람의잔,26,0,0,3,20,5,87,28,0,0,16,9,9,0,0,9,1,0,0
인생의허들,14,0,0,2,9,1,82,43,0,0,66,6,2,0,0,2,1,5,0
LECO,18,0,0,3,11,11,101,43,0,0,34,5,0,0,0,0,0,5,0
tombo,30,0,0,1,9,1,43,53,0,0,21,5,0,0,2,0,0,0,0
오라버니만세,12,0,0,2,15,40,2,128,0,0,38,3,0,0,4,0,2,5,0
짜짱,20,0,0,2,16,4,54,106,0,0,13,3,12,0,0,12,0,5,0
뷰익,5,0,0,1,14,5,63,50,0,0,34,7,0,0,0,0,0,5,0
무스탕친구,24,0,0,2,16,2,43,108,0,0,53,3,1,0,0,1,1,5,0
하느으리,29,0,0,13,11,21,101,62,0,0,24,5,19,1,1,19,1,4,0
뇌동,31,0,0,3,14,1,131,67,0,0,13,11,1,3,1,1,0,5,0
리버스할아브,18,0,0,2,13,6,50,54,0,0,18,9,0,0,3,0,0,5,0
majesty,11,0,0,4,7,24,100,59,0,0,4,3,18,1,4,18,0,0,0
KR레벨스틸러,97,0,0,2,23,8,85,36,0,0,11,3,2,1,0,2,1,0,0
이부장,30,0,0,2,15,1,2,88,0,0,39,3,0,1,0,0,1,0,1
미킁,12,0,0,2,12,14,8,68,0,0,8,6,2,0,2,2,1,0,0
미스터K,31,0,0,2,30,1,72,55,0,0,36,6,0,0,0,0,0,5,0
해킨토끼,11,0,0,3,11,13,12,136,0,0,19,3,0,0,1,0,0,5,0
흑밤성,13,0,0,2,17,1,83,49,0,0,52,5,0,1,1,0,2,5,0
고고씽,18,0,0,4,13,2,71,26,0,0,53,4,3,1,0,3,0,5,0
UDT,22,0,0,4,12,6,117,74,0,0,16,17,3,0,7,3,1,5,1
GaMulCi,0,0,0,3,19,0,82,53,0,0,22,3,0,0,1,0,0,5,0
첫하이브,25,0,0,2,19,0,83,45,0,0,39,1,0,0,0,0,0,5,0
진도백구,5,0,0,3,10,11,2,99,0,0,4,5,4,5,0,4,2,5,0
햄토리,19,0,0,3,4,38,17,70,0,0,2,8,1,1,0,1,2,5,0
레몬울컥,30,0,0,7,18,1,108,103,0,0,46,9,0,1,5,0,2,5,1
우주아빠,12,0,0,3,11,3,125,16,0,0,27,3,0,0,0,0,0,5,0
탐관오리,24,0,0,2,21,2,105,43,0,0,24,5,0,0,0,0,2,3,0
맨들맨들,50,0,0,2,14,8,2,125,0,0,97,22,0,0,0,0,0,6,1
맥딜,11,0,0,2,15,1,109,35,0,0,65,8,2,0,1,2,1,5,1
THEODORE,16,0,0,4,8,4,132,56,0,0,41,6,21,0,4,21,0,0,1
리민,33,0,0,7,8,4,54,45,0,0,23,2,1,0,22,1,1,0,0
글와리,28,0,0,2,11,21,26,65,0,0,70,4,10,0,4,10,0,5,1
빵사유,8,0,0,3,12,14,135,70,0,0,44,6,2,2,0,2,2,5,0
창조,4,0,0,2,15,16,106,33,0,0,28,3,0,0,9,0,1,0,0
류미스,19,0,0,2,11,8,64,70,0,0,15,4,0,0,2,0,1,0,0
김삿갓,9,0,0,3,6,11,34,160,0,0,41,17,3,0,0,3,1,0,0
정치부부장,28,0,0,3,13,9,2,42,0,0,30,25,0,0,7,0,1,0,0
여섯번째바람,30,0,0,3,9,5,77,42,0,0,21,7,0,0,1,0,0,0,0
할아브짐,50,0,0,2,19,5,20,67,0,0,29,9,0,0,3,0,1,5,0
불조개,32,0,0,2,19,6,80,24,0,0,53,5,22,0,0,22,0,5,0
강스패밀리,21,0,0,2,10,2,76,33,0,0,34,4,8,3,0,8,1,5,0
Destroyer,21,0,0,2,13,12,60,107,0,0,15,11,14,0,0,14,1,5,0
진실의방,43,0,0,2,30,2,112,62,0,0,6,10,9,0,2,9,1,5,1
미니부장,12,0,0,2,25,15,110,41,0,0,41,6,4,2,0,4,0,5,0
groovedk,38,0,0,3,8,6,113,45,0,0,19,5,1,0,0,1,1,5,0
미남영기,13,0,0,2,14,0,126,30,0,0,6,5,0,0,0,0,1,5,0
다굴의진수,31,0,0,3,17,0,89,188,0,0,33,6,1,0,0,1,0,0,0
개미왕이다,26,0,0,3,27,1,70,72,0,0,11,3,8,2,0,8,1,0,0
후쿠야마쥰,25,0,0,3,10,1,63,121,0,0,39,8,0,0,0,0,0,5,0
이따출,31,0,0,12,14,18,68,76,0,0,25,6,0,6,3,0,2,5,1
에프킬라조,57,0,0,2,19,5,73,20,0,0,9,4,0,3,1,0,2,5,0
천궁별,42,0,0,2,28,0,0,65,0,0,12,2,0,0,0,0,1,4,0
메르시,30,0,0,2,26,1,103,23,0,0,49,7,0,2,0,0,0,5,0
와그라노,23,0,0,2,15,1,64,55,0,0,3,3,0,0,0,0,1,5,0
김짜구,27,0,0,12,8,5,280,92,0,0,34,14,99,4,16,99,3,0,1
대이융,24,0,0,2,20,8,96,18,0,0,28,10,0,0,1,0,1,0,0
기억조각,18,0,0,13,7,5,62,118,0,0,8,7,0,0,2,0,2,5,1
